Time,TC Compressor - SP,TC Compressor - PV,TC Compressor - OP,pv_delta,op_delta
0,33.7435,33.7435,76.6963,0,0
60,33.7435,33.7435,76.6963,0,0
120,33.7433,33.7433,76.6963,-0.0002,0
180,33.743,33.743,76.6963,-0.0005,0
240,33.7427,33.7427,76.6963,-0.0008,0
300,33.7425,33.7425,76.6963,-0.001,0
360,33.7424,33.7424,76.6963,-0.0011,0
420,33.7424,33.7424,76.6963,-0.0011,0
480,33.7426,33.7426,76.6963,-0.0009,0
540,33.7427,33.7427,76.6963,-0.0008,0
600,33.7429,33.7429,76.6963,-0.0006,0
660,33.7431,33.7431,76.6963,-0.0004,0
720,33.7434,33.7434,76.6963,-1E-04,0
780,33.7436,33.7436,76.6963,0.0001,0
840,33.7439,33.7439,76.6963,0.0004,0
900,33.744,33.744,76.6963,0.0005,0
960,33.7441,33.7441,76.6963,0.0006,0
1020,33.7441,33.7441,76.6963,0.0006,0
1080,33.7441,33.7441,76.6963,0.0006,0
1140,33.7439,33.7439,76.6963,0.0004,0
1200,33.7435,33.7435,76.6963,0,0
1260,33.7432,33.7432,76.6963,-0.0003,0
1320,33.743,33.743,76.6963,-0.0005,0
1380,33.7429,33.7429,76.6963,-0.0006,0
1440,33.7429,33.7429,76.6963,-0.0006,0
1500,33.7429,33.7429,76.6963,-0.0006,0
1560,33.743,33.743,76.6963,-0.0005,0
1620,33.7431,33.7431,76.6963,-0.0004,0
1680,33.7433,33.7433,76.6963,-0.0002,0
1740,33.7435,33.7435,76.6963,0,0
1800,33.7437,33.7437,80.7,0.0002,4.0037
1860,33.751,33.751,80.7,0.0075,4.0037
1920,33.7592,33.7592,80.7,0.0157,4.0037
1980,33.7664,33.7664,80.7,0.0229,4.0037
2040,33.772,33.772,80.7,0.0285,4.0037
2100,33.7762,33.7762,80.7,0.0327,4.0037
2160,33.7794,33.7794,80.7,0.0359,4.0037
2220,33.7814,33.7814,80.7,0.0379,4.0037
2280,33.7827,33.7827,80.7,0.0392,4.0037
2340,33.7835,33.7835,80.7,0.04,4.0037
2400,33.7841,33.7841,80.7,0.0406,4.0037
2460,33.7846,33.7846,80.7,0.0411,4.0037
2520,33.7851,33.7851,80.7,0.0416,4.0037
2580,33.7856,33.7856,80.7,0.0421,4.0037
2640,33.7859,33.7859,80.7,0.0424,4.0037
2700,33.7862,33.7862,80.7,0.0427,4.0037
2760,33.7863,33.7863,80.7,0.0428,4.0037
2820,33.7864,33.7864,80.7,0.0429,4.0037
2880,33.7865,33.7865,80.7,0.043,4.0037
2940,33.7865,33.7865,80.7,0.043,4.0037
3000,33.7866,33.7866,80.7,0.0431,4.0037
3060,33.7865,33.7865,80.7,0.043,4.0037
3120,33.7864,33.7864,80.7,0.0429,4.0037
3180,33.7862,33.7862,80.7,0.0427,4.0037
3240,33.7862,33.7862,80.7,0.0427,4.0037
3300,33.7864,33.7864,80.7,0.0429,4.0037
3360,33.7866,33.7866,80.7,0.0431,4.0037
3420,33.7866,33.7866,80.7,0.0431,4.0037
3480,33.7865,33.7865,80.7,0.043,4.0037
3540,33.7863,33.7863,80.7,0.0428,4.0037
3600,33.7863,33.7863,80.7,0.0428,4.0037
3660,33.7863,33.7863,80.7,0.0428,4.0037
3720,33.7864,33.7864,80.7,0.0429,4.0037
3780,33.7867,33.7867,80.7,0.0432,4.0037
3840,33.787,33.787,80.7,0.0435,4.0037
3900,33.7874,33.7874,80.7,0.0439,4.0037
3960,33.7878,33.7878,80.7,0.0443,4.0037
4020,33.7881,33.7881,80.7,0.0446,4.0037
4080,33.7884,33.7884,80.7,0.0449,4.0037
4140,33.7888,33.7888,80.7,0.0453,4.0037
4200,33.789,33.789,80.7,0.0455,4.0037
4260,33.7892,33.7892,80.7,0.0457,4.0037
4320,33.7893,33.7893,80.7,0.0458,4.0037
4380,33.7894,33.7894,80.7,0.0459,4.0037
4440,33.7894,33.7894,80.7,0.0459,4.0037
4500,33.7894,33.7894,80.7,0.0459,4.0037
4560,33.7895,33.7895,80.7,0.046,4.0037
4620,33.7895,33.7895,80.7,0.046,4.0037
4680,33.7896,33.7896,80.7,0.0461,4.0037
4740,33.7896,33.7896,80.7,0.0461,4.0037
4800,33.7897,33.7897,80.7,0.0462,4.0037
4860,33.7898,33.7898,80.7,0.0463,4.0037
4920,33.7898,33.7898,80.7,0.0463,4.0037
4980,33.7899,33.7899,80.7,0.0464,4.0037
5040,33.79,33.79,80.7,0.0465,4.0037
5100,33.7901,33.7901,80.7,0.0466,4.0037
5160,33.7902,33.7902,80.7,0.0467,4.0037
5220,33.79,33.79,80.7,0.0465,4.0037
5280,33.7898,33.7898,80.7,0.0463,4.0037
5340,33.7896,33.7896,80.7,0.0461,4.0037
5400,33.7896,33.7896,80.7,0.0461,4.0037
5460,33.7897,33.7897,80.7,0.0462,4.0037
5520,33.7899,33.7899,80.7,0.0464,4.0037
5580,33.7902,33.7902,80.7,0.0467,4.0037
5640,33.7905,33.7905,80.7,0.047,4.0037
5700,33.7909,33.7909,80.7,0.0474,4.0037
5760,33.7913,33.7913,80.7,0.0478,4.0037
5820,33.7917,33.7917,80.7,0.0482,4.0037
5880,33.7919,33.7919,80.7,0.0484,4.0037
5940,33.792,33.792,80.7,0.0485,4.0037
6000,33.7922,33.7922,80.7,0.0487,4.0037
6060,33.7923,33.7923,80.7,0.0488,4.0037
6120,33.7924,33.7924,80.7,0.0489,4.0037
6180,33.7925,33.7925,80.7,0.049,4.0037
6240,33.7926,33.7926,80.7,0.0491,4.0037
6300,33.7927,33.7927,80.7,0.0492,4.0037
6360,33.7927,33.7927,80.7,0.0492,4.0037
6420,33.7928,33.7928,80.7,0.0493,4.0037
6480,33.7928,33.7928,80.7,0.0493,4.0037
6540,33.7929,33.7929,80.7,0.0494,4.0037
6600,33.793,33.793,80.7,0.0495,4.0037
6660,33.7931,33.7931,80.7,0.0496,4.0037
6720,33.7932,33.7932,80.7,0.0497,4.0037
6780,33.7933,33.7933,80.7,0.0498,4.0037
6840,33.7934,33.7934,80.7,0.0499,4.0037
6900,33.7935,33.7935,80.7,0.05,4.0037
6960,33.7936,33.7936,80.7,0.0501,4.0037
7020,33.7937,33.7937,80.7,0.0502,4.0037
7080,33.7938,33.7938,80.7,0.0503,4.0037
7140,33.7939,33.7939,80.7,0.0504,4.0037
7200,33.794,33.794,80.7,0.0505,4.0037
7260,33.7941,33.7941,80.7,0.0506,4.0037
7320,33.7942,33.7942,80.7,0.0507,4.0037
7380,33.7944,33.7944,80.7,0.0509,4.0037
7440,33.7945,33.7945,80.7,0.051,4.0037
7500,33.7946,33.7946,80.7,0.0511,4.0037
7560,33.7946,33.7946,80.7,0.0511,4.0037
7620,33.7946,33.7946,80.7,0.0511,4.0037
7680,33.7946,33.7946,80.7,0.0511,4.0037
7740,33.7947,33.7947,80.7,0.0512,4.0037
7800,33.7948,33.7948,80.7,0.0513,4.0037
7860,33.7951,33.7951,80.7,0.0516,4.0037
7920,33.7953,33.7953,80.7,0.0518,4.0037
7980,33.7955,33.7955,80.7,0.052,4.0037
8040,33.7956,33.7956,80.7,0.0521,4.0037
8100,33.7958,33.7958,80.7,0.0523,4.0037
8160,33.7959,33.7959,80.7,0.0524,4.0037
8220,33.796,33.796,80.7,0.0525,4.0037
8280,33.7961,33.7961,80.7,0.0526,4.0037
8340,33.7962,33.7962,80.7,0.0527,4.0037
8400,33.7964,33.7964,80.7,0.0529,4.0037
8460,33.7965,33.7965,80.7,0.053,4.0037
8520,33.7966,33.7966,80.7,0.0531,4.0037
8580,33.7967,33.7967,80.7,0.0532,4.0037
8640,33.7968,33.7968,80.7,0.0533,4.0037
8700,33.7969,33.7969,80.7,0.0534,4.0037
8760,33.797,33.797,80.7,0.0535,4.0037
8820,33.7971,33.7971,80.7,0.0536,4.0037
8880,33.7972,33.7972,80.7,0.0537,4.0037
8940,33.7973,33.7973,80.7,0.0538,4.0037
9000,33.7974,33.7974,76.7,0.0539,0.0037
9060,33.7898,33.7898,76.7,0.0463,0.0037
9120,33.7808,33.7808,76.7,0.0373,0.0037
9180,33.7731,33.7731,76.7,0.0296,0.0037
9240,33.7671,33.7671,76.7,0.0236,0.0037
9300,33.7628,33.7628,76.7,0.0193,0.0037
9360,33.7599,33.7599,76.7,0.0164,0.0037
9420,33.758,33.758,76.7,0.0145,0.0037
9480,33.7569,33.7569,76.7,0.0134,0.0037
9540,33.7563,33.7563,76.7,0.0128,0.0037
9600,33.7561,33.7561,76.7,0.0126,0.0037
9660,33.7561,33.7561,76.7,0.0126,0.0037
9720,33.7563,33.7563,76.7,0.0128,0.0037
9780,33.7566,33.7566,76.7,0.0131,0.0037
9840,33.757,33.757,76.7,0.0135,0.0037
9900,33.7574,33.7574,76.7,0.0139,0.0037
9960,33.7578,33.7578,76.7,0.0143,0.0037
10020,33.7582,33.7582,76.7,0.0147,0.0037
10080,33.7585,33.7585,76.7,0.015,0.0037
10140,33.7586,33.7586,76.7,0.0151,0.0037
10200,33.7586,33.7586,76.7,0.0151,0.0037
10260,33.7585,33.7585,76.7,0.015,0.0037
10320,33.7584,33.7584,76.7,0.0149,0.0037
10380,33.7583,33.7583,76.7,0.0148,0.0037
10440,33.7581,33.7581,76.7,0.0146,0.0037
10500,33.7579,33.7579,76.7,0.0144,0.0037
10560,33.7578,33.7578,76.7,0.0143,0.0037
10620,33.7576,33.7576,76.7,0.0141,0.0037
10680,33.7575,33.7575,76.7,0.014,0.0037
10740,33.7574,33.7574,76.7,0.0139,0.0037
10800,33.7574,33.7574,76.7,0.0139,0.0037
10860,33.7573,33.7573,76.7,0.0138,0.0037
10920,33.7573,33.7573,76.7,0.0138,0.0037
10980,33.7573,33.7573,76.7,0.0138,0.0037
11040,33.7572,33.7572,76.7,0.0137,0.0037
11100,33.7572,33.7572,76.7,0.0137,0.0037
11160,33.7572,33.7572,76.7,0.0137,0.0037
11220,33.7572,33.7572,76.7,0.0137,0.0037
11280,33.7572,33.7572,76.7,0.0137,0.0037
11340,33.7572,33.7572,76.7,0.0137,0.0037
11400,33.7571,33.7571,76.7,0.0136,0.0037
11460,33.7571,33.7571,76.7,0.0136,0.0037
11520,33.7571,33.7571,76.7,0.0136,0.0037
11580,33.7571,33.7571,76.7,0.0136,0.0037
11640,33.7571,33.7571,76.7,0.0136,0.0037
11700,33.7571,33.7571,76.7,0.0136,0.0037
11760,33.7571,33.7571,76.7,0.0136,0.0037
11820,33.7571,33.7571,76.7,0.0136,0.0037
11880,33.7571,33.7571,76.7,0.0136,0.0037
11940,33.7571,33.7571,76.7,0.0136,0.0037
12000,33.7571,33.7571,76.7,0.0136,0.0037
12060,33.7571,33.7571,76.7,0.0136,0.0037
12120,33.7571,33.7571,76.7,0.0136,0.0037
12180,33.7571,33.7571,76.7,0.0136,0.0037
12240,33.7571,33.7571,76.7,0.0136,0.0037
12300,33.7571,33.7571,76.7,0.0136,0.0037
12360,33.7571,33.7571,76.7,0.0136,0.0037
12420,33.7571,33.7571,76.7,0.0136,0.0037
12480,33.7571,33.7571,76.7,0.0136,0.0037
12540,33.7571,33.7571,76.7,0.0136,0.0037
12600,33.7571,33.7571,76.7,0.0136,0.0037
12660,33.7571,33.7571,76.7,0.0136,0.0037
12720,33.7571,33.7571,76.7,0.0136,0.0037
12780,33.7571,33.7571,76.7,0.0136,0.0037
12840,33.7571,33.7571,76.7,0.0136,0.0037
12900,33.7571,33.7571,76.7,0.0136,0.0037
12960,33.7571,33.7571,76.7,0.0136,0.0037
13020,33.7571,33.7571,76.7,0.0136,0.0037
13080,33.7571,33.7571,76.7,0.0136,0.0037
13140,33.7571,33.7571,76.7,0.0136,0.0037
13200,33.7571,33.7571,76.7,0.0136,0.0037
13260,33.7571,33.7571,76.7,0.0136,0.0037
13320,33.7571,33.7571,76.7,0.0136,0.0037
13380,33.7571,33.7571,76.7,0.0136,0.0037
13440,33.7571,33.7571,76.7,0.0136,0.0037
13500,33.7571,33.7571,76.7,0.0136,0.0037
13560,33.7571,33.7571,76.7,0.0136,0.0037
13620,33.7571,33.7571,76.7,0.0136,0.0037
13680,33.7571,33.7571,76.7,0.0136,0.0037
13740,33.7571,33.7571,76.7,0.0136,0.0037
13800,33.7571,33.7571,76.7,0.0136,0.0037
13860,33.7571,33.7571,76.7,0.0136,0.0037
13920,33.7571,33.7571,76.7,0.0136,0.0037
13980,33.7571,33.7571,76.7,0.0136,0.0037
14040,33.7571,33.7571,76.7,0.0136,0.0037
14100,33.7571,33.7571,76.7,0.0136,0.0037
14160,33.7571,33.7571,76.7,0.0136,0.0037
14220,33.7571,33.7571,76.7,0.0136,0.0037
14280,33.7571,33.7571,76.7,0.0136,0.0037
14340,33.7571,33.7571,76.7,0.0136,0.0037
14400,33.7571,33.7571,76.7,0.0136,0.0037
14460,33.7571,33.7571,76.7,0.0136,0.0037
14520,33.7571,33.7571,76.7,0.0136,0.0037
14580,33.7571,33.7571,76.7,0.0136,0.0037
14640,33.7571,33.7571,76.7,0.0136,0.0037
14700,33.7571,33.7571,76.7,0.0136,0.0037
14760,33.7571,33.7571,76.7,0.0136,0.0037
14820,33.7571,33.7571,76.7,0.0136,0.0037
14880,33.7571,33.7571,76.7,0.0136,0.0037
14940,33.7571,33.7571,76.7,0.0136,0.0037
15000,33.7571,33.7571,76.7,0.0136,0.0037
15060,33.7571,33.7571,76.7,0.0136,0.0037
15120,33.7571,33.7571,76.7,0.0136,0.0037
15180,33.7571,33.7571,76.7,0.0136,0.0037
15240,33.7571,33.7571,76.7,0.0136,0.0037
15300,33.7568,33.7568,76.7,0.0133,0.0037
15360,33.7566,33.7566,76.7,0.0131,0.0037
15420,33.7565,33.7565,76.7,0.013,0.0037
15480,33.7565,33.7565,76.7,0.013,0.0037
15540,33.7565,33.7565,76.7,0.013,0.0037
15600,33.7567,33.7567,76.7,0.0132,0.0037
15660,33.757,33.757,76.7,0.0135,0.0037
15720,33.7572,33.7572,76.7,0.0137,0.0037
15780,33.7573,33.7573,76.7,0.0138,0.0037
15840,33.7574,33.7574,76.7,0.0139,0.0037
15900,33.7575,33.7575,76.7,0.014,0.0037
15960,33.7575,33.7575,76.7,0.014,0.0037
16020,33.7573,33.7573,76.7,0.0138,0.0037
16080,33.757,33.757,76.7,0.0135,0.0037
16140,33.7568,33.7568,76.7,0.0133,0.0037
16200,33.7567,33.7567,72.7,0.0132,-3.9963
16260,33.7486,33.7486,72.7,0.0051,-3.9963
16320,33.7391,33.7391,72.7,-0.0044,-3.9963
16380,33.731,33.731,72.7,-0.0125,-3.9963
16440,33.7246,33.7246,72.7,-0.0189,-3.9963
16500,33.72,33.72,72.7,-0.0235,-3.9963
16560,33.7168,33.7168,72.7,-0.0267,-3.9963
16620,33.7147,33.7147,72.7,-0.0288,-3.9963
16680,33.7133,33.7133,72.7,-0.0302,-3.9963
16740,33.7125,33.7125,72.7,-0.031,-3.9963
16800,33.7121,33.7121,72.7,-0.0314,-3.9963
16860,33.7119,33.7119,72.7,-0.0316,-3.9963
16920,33.7118,33.7118,72.7,-0.0317,-3.9963
16980,33.7118,33.7118,72.7,-0.0317,-3.9963
17040,33.7119,33.7119,72.7,-0.0316,-3.9963
17100,33.7119,33.7119,72.7,-0.0316,-3.9963
17160,33.7116,33.7116,72.7,-0.0319,-3.9963
17220,33.7112,33.7112,72.7,-0.0323,-3.9963
17280,33.711,33.711,72.7,-0.0325,-3.9963
17340,33.7108,33.7108,72.7,-0.0327,-3.9963
17400,33.7107,33.7107,72.7,-0.0328,-3.9963
17460,33.7107,33.7107,72.7,-0.0328,-3.9963
17520,33.7108,33.7108,72.7,-0.0327,-3.9963
17580,33.7108,33.7108,72.7,-0.0327,-3.9963
17640,33.7108,33.7108,72.7,-0.0327,-3.9963
17700,33.7107,33.7107,72.7,-0.0328,-3.9963
17760,33.7106,33.7106,72.7,-0.0329,-3.9963
17820,33.7105,33.7105,72.7,-0.033,-3.9963
17880,33.7103,33.7103,72.7,-0.0332,-3.9963
17940,33.7101,33.7101,72.7,-0.0334,-3.9963
18000,33.7099,33.7099,72.7,-0.0336,-3.9963
18060,33.7097,33.7097,72.7,-0.0338,-3.9963
18120,33.7095,33.7095,72.7,-0.034,-3.9963
18180,33.7093,33.7093,72.7,-0.0342,-3.9963
18240,33.7092,33.7092,72.7,-0.0343,-3.9963
18300,33.709,33.709,72.7,-0.0345,-3.9963
18360,33.7089,33.7089,72.7,-0.0346,-3.9963
18420,33.7086,33.7086,72.7,-0.0349,-3.9963
18480,33.708,33.708,72.7,-0.0355,-3.9963
18540,33.7074,33.7074,72.7,-0.0361,-3.9963
18600,33.707,33.707,72.7,-0.0365,-3.9963
18660,33.7068,33.7068,72.7,-0.0367,-3.9963
18720,33.7067,33.7067,72.7,-0.0368,-3.9963
18780,33.7066,33.7066,72.7,-0.0369,-3.9963
18840,33.7067,33.7067,72.7,-0.0368,-3.9963
18900,33.7068,33.7068,72.7,-0.0367,-3.9963
18960,33.7069,33.7069,72.7,-0.0366,-3.9963
19020,33.7071,33.7071,72.7,-0.0364,-3.9963
19080,33.7073,33.7073,72.7,-0.0362,-3.9963
19140,33.7075,33.7075,72.7,-0.036,-3.9963
19200,33.7076,33.7076,72.7,-0.0359,-3.9963
19260,33.7076,33.7076,72.7,-0.0359,-3.9963
19320,33.7075,33.7075,72.7,-0.036,-3.9963
19380,33.7074,33.7074,72.7,-0.0361,-3.9963
19440,33.7072,33.7072,72.7,-0.0363,-3.9963
19500,33.707,33.707,72.7,-0.0365,-3.9963
19560,33.7068,33.7068,72.7,-0.0367,-3.9963
19620,33.7065,33.7065,72.7,-0.037,-3.9963
19680,33.7063,33.7063,72.7,-0.0372,-3.9963
19740,33.7061,33.7061,72.7,-0.0374,-3.9963
19800,33.706,33.706,72.7,-0.0375,-3.9963
19860,33.7058,33.7058,72.7,-0.0377,-3.9963
19920,33.7056,33.7056,72.7,-0.0379,-3.9963
19980,33.7055,33.7055,72.7,-0.038,-3.9963
20040,33.7053,33.7053,72.7,-0.0382,-3.9963
20100,33.7052,33.7052,72.7,-0.0383,-3.9963
20160,33.705,33.705,72.7,-0.0385,-3.9963
20220,33.7049,33.7049,72.7,-0.0386,-3.9963
20280,33.7048,33.7048,72.7,-0.0387,-3.9963
20340,33.7046,33.7046,72.7,-0.0389,-3.9963
20400,33.7045,33.7045,72.7,-0.039,-3.9963
20460,33.7044,33.7044,72.7,-0.0391,-3.9963
20520,33.7043,33.7043,72.7,-0.0392,-3.9963
20580,33.7041,33.7041,72.7,-0.0394,-3.9963
20640,33.704,33.704,72.7,-0.0395,-3.9963
20700,33.7039,33.7039,72.7,-0.0396,-3.9963
20760,33.7038,33.7038,72.7,-0.0397,-3.9963
20820,33.7036,33.7036,72.7,-0.0399,-3.9963
20880,33.7035,33.7035,72.7,-0.04,-3.9963
20940,33.7034,33.7034,72.7,-0.0401,-3.9963
21000,33.7033,33.7033,72.7,-0.0402,-3.9963
21060,33.7031,33.7031,72.7,-0.0404,-3.9963
21120,33.703,33.703,72.7,-0.0405,-3.9963
21180,33.7029,33.7029,72.7,-0.0406,-3.9963
21240,33.7028,33.7028,72.7,-0.0407,-3.9963
21300,33.7026,33.7026,72.7,-0.0409,-3.9963
21360,33.7025,33.7025,72.7,-0.041,-3.9963
21420,33.7024,33.7024,72.7,-0.0411,-3.9963
21480,33.7023,33.7023,72.7,-0.0412,-3.9963
21540,33.7021,33.7021,72.7,-0.0414,-3.9963
21600,33.702,33.702,72.7,-0.0415,-3.9963
21660,33.7019,33.7019,72.7,-0.0416,-3.9963
21720,33.7018,33.7018,72.7,-0.0417,-3.9963
21780,33.7016,33.7016,72.7,-0.0419,-3.9963
21840,33.7015,33.7015,72.7,-0.042,-3.9963
21900,33.7014,33.7014,72.7,-0.0421,-3.9963
21960,33.7013,33.7013,72.7,-0.0422,-3.9963
22020,33.7012,33.7012,72.7,-0.0423,-3.9963
22080,33.701,33.701,72.7,-0.0425,-3.9963
22140,33.7009,33.7009,72.7,-0.0426,-3.9963
22200,33.7008,33.7008,72.7,-0.0427,-3.9963
22260,33.7007,33.7007,72.7,-0.0428,-3.9963
22320,33.7005,33.7005,72.7,-0.043,-3.9963
22380,33.7004,33.7004,72.7,-0.0431,-3.9963
22440,33.7003,33.7003,72.7,-0.0432,-3.9963
22500,33.7001,33.7001,72.7,-0.0434,-3.9963
22560,33.7,33.7,72.7,-0.0435,-3.9963
22620,33.6999,33.6999,72.7,-0.0436,-3.9963
22680,33.6998,33.6998,72.7,-0.0437,-3.9963
22740,33.6997,33.6997,72.7,-0.0438,-3.9963
22800,33.6995,33.6995,72.7,-0.044,-3.9963
22860,33.6994,33.6994,72.7,-0.0441,-3.9963
22920,33.6993,33.6993,72.7,-0.0442,-3.9963
22980,33.6992,33.6992,72.7,-0.0443,-3.9963
23040,33.699,33.699,72.7,-0.0445,-3.9963
23100,33.6989,33.6989,72.7,-0.0446,-3.9963
23160,33.6988,33.6988,72.7,-0.0447,-3.9963
23220,33.6987,33.6987,72.7,-0.0448,-3.9963
23280,33.6985,33.6985,72.7,-0.045,-3.9963
23340,33.6984,33.6984,72.7,-0.0451,-3.9963
23400,33.6983,33.6983,76.7,-0.0452,0.0037
23460,33.706,33.706,76.7,-0.0375,0.0037
23520,33.7151,33.7151,76.7,-0.0284,0.0037
23580,33.7229,33.7229,76.7,-0.0206,0.0037
23640,33.729,33.729,76.7,-0.0145,0.0037
23700,33.7331,33.7331,76.7,-0.0104,0.0037
23760,33.736,33.736,76.7,-0.0075,0.0037
23820,33.738,33.738,76.7,-0.0055,0.0037
23880,33.7395,33.7395,76.7,-0.004,0.0037
23940,33.7407,33.7407,76.7,-0.0028,0.0037
24000,33.7415,33.7415,76.7,-0.002,0.0037
24060,33.742,33.742,76.7,-0.0015,0.0037
24120,33.7424,33.7424,76.7,-0.0011,0.0037
24180,33.7426,33.7426,76.7,-0.0009,0.0037
24240,33.7426,33.7426,76.7,-0.0009,0.0037
24300,33.7427,33.7427,76.7,-0.0008,0.0037
24360,33.7426,33.7426,76.7,-0.0009,0.0037
24420,33.7426,33.7426,76.7,-0.0009,0.0037
24480,33.7424,33.7424,76.7,-0.0011,0.0037
24540,33.7422,33.7422,76.7,-0.0013,0.0037
24600,33.742,33.742,76.7,-0.0015,0.0037
24660,33.7419,33.7419,76.7,-0.0016,0.0037
24720,33.7419,33.7419,76.7,-0.0016,0.0037
24780,33.742,33.742,76.7,-0.0015,0.0037
24840,33.7421,33.7421,76.7,-0.0014,0.0037
24900,33.7422,33.7422,76.7,-0.0013,0.0037
24960,33.7423,33.7423,76.7,-0.0012,0.0037
25020,33.7424,33.7424,76.7,-0.0011,0.0037
25080,33.7424,33.7424,76.7,-0.0011,0.0037
25140,33.7423,33.7423,76.7,-0.0012,0.0037
25200,33.7421,33.7421,76.7,-0.0014,0.0037
25260,33.742,33.742,76.7,-0.0015,0.0037
25320,33.7419,33.7419,76.7,-0.0016,0.0037
25380,33.742,33.742,76.7,-0.0015,0.0037
25440,33.7421,33.7421,76.7,-0.0014,0.0037
25500,33.7422,33.7422,76.7,-0.0013,0.0037
25560,33.7423,33.7423,76.7,-0.0012,0.0037
25620,33.7422,33.7422,76.7,-0.0013,0.0037
25680,33.7418,33.7418,76.7,-0.0017,0.0037
25740,33.7414,33.7414,76.7,-0.0021,0.0037
25800,33.7412,33.7412,76.7,-0.0023,0.0037
25860,33.7411,33.7411,76.7,-0.0024,0.0037
25920,33.7412,33.7412,76.7,-0.0023,0.0037
25980,33.7413,33.7413,76.7,-0.0022,0.0037
26040,33.7416,33.7416,76.7,-0.0019,0.0037
26100,33.7419,33.7419,76.7,-0.0016,0.0037
26160,33.7422,33.7422,76.7,-0.0013,0.0037
26220,33.7425,33.7425,76.7,-0.001,0.0037
26280,33.7427,33.7427,76.7,-0.0008,0.0037
26340,33.7428,33.7428,76.7,-0.0007,0.0037
26400,33.7428,33.7428,76.7,-0.0007,0.0037
26460,33.7428,33.7428,76.7,-0.0007,0.0037
26520,33.7426,33.7426,76.7,-0.0009,0.0037
26580,33.7425,33.7425,76.7,-0.001,0.0037
26640,33.7424,33.7424,76.7,-0.0011,0.0037
26700,33.7424,33.7424,76.7,-0.0011,0.0037
26760,33.7424,33.7424,76.7,-0.0011,0.0037
26820,33.7424,33.7424,76.7,-0.0011,0.0037
26880,33.7424,33.7424,76.7,-0.0011,0.0037
26940,33.7424,33.7424,76.7,-0.0011,0.0037
27000,33.7423,33.7423,76.7,-0.0012,0.0037
27060,33.7423,33.7423,76.7,-0.0012,0.0037
27120,33.7423,33.7423,76.7,-0.0012,0.0037
27180,33.7423,33.7423,76.7,-0.0012,0.0037
27240,33.7423,33.7423,76.7,-0.0012,0.0037
27300,33.7423,33.7423,76.7,-0.0012,0.0037
27360,33.7422,33.7422,76.7,-0.0013,0.0037
27420,33.7422,33.7422,76.7,-0.0013,0.0037
27480,33.7422,33.7422,76.7,-0.0013,0.0037
27540,33.7422,33.7422,76.7,-0.0013,0.0037
27600,33.7422,33.7422,76.7,-0.0013,0.0037
27660,33.7422,33.7422,76.7,-0.0013,0.0037
27720,33.7422,33.7422,76.7,-0.0013,0.0037
27780,33.7422,33.7422,76.7,-0.0013,0.0037
27840,33.7422,33.7422,76.7,-0.0013,0.0037
27900,33.7422,33.7422,76.7,-0.0013,0.0037
27960,33.7422,33.7422,76.7,-0.0013,0.0037
28020,33.7422,33.7422,76.7,-0.0013,0.0037
28080,33.7422,33.7422,76.7,-0.0013,0.0037
28140,33.7422,33.7422,76.7,-0.0013,0.0037
28200,33.7422,33.7422,76.7,-0.0013,0.0037
28260,33.7422,33.7422,76.7,-0.0013,0.0037
28320,33.7422,33.7422,76.7,-0.0013,0.0037
28380,33.7422,33.7422,76.7,-0.0013,0.0037
28440,33.7422,33.7422,76.7,-0.0013,0.0037
28500,33.7422,33.7422,76.7,-0.0013,0.0037
28560,33.7422,33.7422,76.7,-0.0013,0.0037
28620,33.7422,33.7422,76.7,-0.0013,0.0037
28680,33.7422,33.7422,76.7,-0.0013,0.0037
28740,33.7422,33.7422,76.7,-0.0013,0.0037
28800,33.7422,33.7422,76.7,-0.0013,0.0037
28860,33.7422,33.7422,76.7,-0.0013,0.0037
28920,33.7422,33.7422,76.7,-0.0013,0.0037
28980,33.7422,33.7422,76.7,-0.0013,0.0037
29040,33.7422,33.7422,76.7,-0.0013,0.0037
29100,33.7422,33.7422,76.7,-0.0013,0.0037
29160,33.7422,33.7422,76.7,-0.0013,0.0037
29220,33.7422,33.7422,76.7,-0.0013,0.0037
29280,33.7421,33.7421,76.7,-0.0014,0.0037
29340,33.7422,33.7422,76.7,-0.0013,0.0037
29400,33.7422,33.7422,76.7,-0.0013,0.0037
29460,33.7422,33.7422,76.7,-0.0013,0.0037
29520,33.7422,33.7422,76.7,-0.0013,0.0037
29580,33.7422,33.7422,76.7,-0.0013,0.0037
29640,33.7422,33.7422,76.7,-0.0013,0.0037
29700,33.7422,33.7422,76.7,-0.0013,0.0037
29760,33.7421,33.7421,76.7,-0.0014,0.0037
29820,33.7421,33.7421,76.7,-0.0014,0.0037
29880,33.7422,33.7422,76.7,-0.0013,0.0037
29940,33.7422,33.7422,76.7,-0.0013,0.0037
30000,33.7422,33.7422,76.7,-0.0013,0.0037
30060,33.7421,33.7421,76.7,-0.0014,0.0037
30120,33.7421,33.7421,76.7,-0.0014,0.0037
30180,33.7422,33.7422,76.7,-0.0013,0.0037
30240,33.7421,33.7421,76.7,-0.0014,0.0037
30300,33.7422,33.7422,76.7,-0.0013,0.0037
30360,33.7422,33.7422,76.7,-0.0013,0.0037
30420,33.7422,33.7422,76.7,-0.0013,0.0037
30480,33.7422,33.7422,76.7,-0.0013,0.0037
30540,33.7422,33.7422,76.7,-0.0013,0.0037
30600,33.7422,33.7422,76.7,-0.0013,0.0037
30660,33.7422,33.7422,76.7,-0.0013,0.0037
30720,33.7422,33.7422,76.7,-0.0013,0.0037
30780,33.7422,33.7422,76.7,-0.0013,0.0037
30840,33.7422,33.7422,76.7,-0.0013,0.0037
30900,33.7421,33.7421,76.7,-0.0014,0.0037
30960,33.7422,33.7422,76.7,-0.0013,0.0037
31020,33.7422,33.7422,76.7,-0.0013,0.0037
31080,33.7422,33.7422,76.7,-0.0013,0.0037
31140,33.7422,33.7422,76.7,-0.0013,0.0037
31200,33.7422,33.7422,76.7,-0.0013,0.0037
31260,33.7422,33.7422,76.7,-0.0013,0.0037
31320,33.7422,33.7422,76.7,-0.0013,0.0037
31380,33.7422,33.7422,76.7,-0.0013,0.0037
31440,33.7422,33.7422,76.7,-0.0013,0.0037
31500,33.7422,33.7422,76.7,-0.0013,0.0037
31560,33.7422,33.7422,76.7,-0.0013,0.0037
31620,33.7422,33.7422,76.7,-0.0013,0.0037
31680,33.7422,33.7422,76.7,-0.0013,0.0037
31740,33.7422,33.7422,76.7,-0.0013,0.0037
31800,33.7422,33.7422,76.7,-0.0013,0.0037
31860,33.7422,33.7422,76.7,-0.0013,0.0037
31920,33.7422,33.7422,76.7,-0.0013,0.0037
31980,33.7421,33.7421,76.7,-0.0014,0.0037
32040,33.7422,33.7422,76.7,-0.0013,0.0037
32100,33.7421,33.7421,76.7,-0.0014,0.0037
32160,33.7421,33.7421,76.7,-0.0014,0.0037
32220,33.7421,33.7421,76.7,-0.0014,0.0037
32280,33.7421,33.7421,76.7,-0.0014,0.0037
32340,33.7421,33.7421,76.7,-0.0014,0.0037
32400,33.7421,33.7421,76.7,-0.0014,0.0037
32460,33.7421,33.7421,76.7,-0.0014,0.0037
32520,33.7421,33.7421,76.7,-0.0014,0.0037
32580,33.7421,33.7421,76.7,-0.0014,0.0037
32640,33.7421,33.7421,76.7,-0.0014,0.0037
32700,33.7421,33.7421,76.7,-0.0014,0.0037
32760,33.7422,33.7422,76.7,-0.0013,0.0037
32820,33.7421,33.7421,76.7,-0.0014,0.0037
32880,33.7422,33.7422,76.7,-0.0013,0.0037
32940,33.7421,33.7421,76.7,-0.0014,0.0037
33000,33.7421,33.7421,76.7,-0.0014,0.0037
33060,33.7422,33.7422,76.7,-0.0013,0.0037
33120,33.7421,33.7421,76.7,-0.0014,0.0037
33180,33.7421,33.7421,76.7,-0.0014,0.0037
33240,33.7421,33.7421,76.7,-0.0014,0.0037
33300,33.7421,33.7421,76.7,-0.0014,0.0037
33360,33.7421,33.7421,76.7,-0.0014,0.0037
33420,33.7421,33.7421,76.7,-0.0014,0.0037
33480,33.7422,33.7422,76.7,-0.0013,0.0037
33540,33.7422,33.7422,76.7,-0.0013,0.0037
33600,33.7422,33.7422,76.7,-0.0013,0.0037
33660,33.7422,33.7422,76.7,-0.0013,0.0037
33720,33.7422,33.7422,76.7,-0.0013,0.0037
33780,33.7422,33.7422,76.7,-0.0013,0.0037
33840,33.7421,33.7421,76.7,-0.0014,0.0037
33900,33.7421,33.7421,76.7,-0.0014,0.0037
33960,33.7421,33.7421,76.7,-0.0014,0.0037
34020,33.7421,33.7421,76.7,-0.0014,0.0037
34080,33.7421,33.7421,76.7,-0.0014,0.0037
34140,33.7421,33.7421,76.7,-0.0014,0.0037
34200,33.7421,33.7421,78.7,-0.0014,2.0037
34260,33.7458,33.7458,78.7,0.0023,2.0037
34320,33.7501,33.7501,78.7,0.0066,2.0037
34380,33.7539,33.7539,78.7,0.0104,2.0037
34440,33.7568,33.7568,78.7,0.0133,2.0037
34500,33.7589,33.7589,78.7,0.0154,2.0037
34560,33.7605,33.7605,78.7,0.017,2.0037
34620,33.7615,33.7615,78.7,0.018,2.0037
34680,33.7622,33.7622,78.7,0.0187,2.0037
34740,33.7627,33.7627,78.7,0.0192,2.0037
34800,33.763,33.763,78.7,0.0195,2.0037
34860,33.7632,33.7632,78.7,0.0197,2.0037
34920,33.7633,33.7633,78.7,0.0198,2.0037
34980,33.7632,33.7632,78.7,0.0197,2.0037
35040,33.7631,33.7631,78.7,0.0196,2.0037
35100,33.7631,33.7631,78.7,0.0196,2.0037
35160,33.7632,33.7632,78.7,0.0197,2.0037
35220,33.7634,33.7634,78.7,0.0199,2.0037
35280,33.7636,33.7636,78.7,0.0201,2.0037
35340,33.7638,33.7638,78.7,0.0203,2.0037
35400,33.764,33.764,78.7,0.0205,2.0037
35460,33.7641,33.7641,78.7,0.0206,2.0037
35520,33.7642,33.7642,78.7,0.0207,2.0037
35580,33.7642,33.7642,78.7,0.0207,2.0037
35640,33.7643,33.7643,78.7,0.0208,2.0037
35700,33.7643,33.7643,78.7,0.0208,2.0037
35760,33.7643,33.7643,78.7,0.0208,2.0037
35820,33.7641,33.7641,78.7,0.0206,2.0037
35880,33.764,33.764,78.7,0.0205,2.0037
35940,33.764,33.764,78.7,0.0205,2.0037
36000,33.764,33.764,78.7,0.0205,2.0037
36060,33.7641,33.7641,78.7,0.0206,2.0037
36120,33.7642,33.7642,78.7,0.0207,2.0037
36180,33.7644,33.7644,78.7,0.0209,2.0037
36240,33.7646,33.7646,78.7,0.0211,2.0037
36300,33.7648,33.7648,78.7,0.0213,2.0037
36360,33.765,33.765,78.7,0.0215,2.0037
36420,33.7651,33.7651,78.7,0.0216,2.0037
36480,33.7651,33.7651,78.7,0.0216,2.0037
36540,33.7651,33.7651,78.7,0.0216,2.0037
36600,33.7651,33.7651,78.7,0.0216,2.0037
36660,33.7652,33.7652,78.7,0.0217,2.0037
36720,33.7652,33.7652,78.7,0.0217,2.0037
36780,33.7653,33.7653,78.7,0.0218,2.0037
36840,33.7654,33.7654,78.7,0.0219,2.0037
36900,33.7653,33.7653,78.7,0.0218,2.0037
36960,33.7649,33.7649,78.7,0.0214,2.0037
37020,33.7644,33.7644,78.7,0.0209,2.0037
37080,33.7639,33.7639,78.7,0.0204,2.0037
37140,33.7635,33.7635,78.7,0.02,2.0037
37200,33.7632,33.7632,78.7,0.0197,2.0037
37260,33.7631,33.7631,78.7,0.0196,2.0037
37320,33.7631,33.7631,78.7,0.0196,2.0037
37380,33.7633,33.7633,78.7,0.0198,2.0037
37440,33.7636,33.7636,78.7,0.0201,2.0037
37500,33.7641,33.7641,78.7,0.0206,2.0037
37560,33.7645,33.7645,78.7,0.021,2.0037
37620,33.765,33.765,78.7,0.0215,2.0037
37680,33.7656,33.7656,78.7,0.0221,2.0037
37740,33.7661,33.7661,78.7,0.0226,2.0037
37800,33.7666,33.7666,78.7,0.0231,2.0037
37860,33.7671,33.7671,78.7,0.0236,2.0037
37920,33.7676,33.7676,78.7,0.0241,2.0037
37980,33.7679,33.7679,78.7,0.0244,2.0037
38040,33.7681,33.7681,78.7,0.0246,2.0037
38100,33.768,33.768,78.7,0.0245,2.0037
38160,33.768,33.768,78.7,0.0245,2.0037
38220,33.7679,33.7679,78.7,0.0244,2.0037
38280,33.7678,33.7678,78.7,0.0243,2.0037
38340,33.7677,33.7677,78.7,0.0242,2.0037
38400,33.7676,33.7676,78.7,0.0241,2.0037
38460,33.7675,33.7675,78.7,0.024,2.0037
38520,33.7674,33.7674,78.7,0.0239,2.0037
38580,33.7674,33.7674,78.7,0.0239,2.0037
38640,33.7674,33.7674,78.7,0.0239,2.0037
38700,33.7674,33.7674,78.7,0.0239,2.0037
38760,33.7673,33.7673,78.7,0.0238,2.0037
38820,33.7674,33.7674,78.7,0.0239,2.0037
38880,33.7674,33.7674,78.7,0.0239,2.0037
38940,33.7674,33.7674,78.7,0.0239,2.0037
39000,33.7673,33.7673,78.7,0.0238,2.0037
39060,33.7672,33.7672,78.7,0.0237,2.0037
39120,33.7672,33.7672,78.7,0.0237,2.0037
39180,33.7673,33.7673,78.7,0.0238,2.0037
39240,33.7672,33.7672,78.7,0.0237,2.0037
39300,33.7671,33.7671,78.7,0.0236,2.0037
39360,33.7671,33.7671,78.7,0.0236,2.0037
39420,33.7672,33.7672,78.7,0.0237,2.0037
39480,33.7673,33.7673,78.7,0.0238,2.0037
39540,33.7674,33.7674,78.7,0.0239,2.0037
39600,33.7677,33.7677,78.7,0.0242,2.0037
39660,33.7679,33.7679,78.7,0.0244,2.0037
39720,33.7681,33.7681,78.7,0.0246,2.0037
39780,33.7683,33.7683,78.7,0.0248,2.0037
39840,33.7685,33.7685,78.7,0.025,2.0037
39900,33.7685,33.7685,78.7,0.025,2.0037
39960,33.7686,33.7686,78.7,0.0251,2.0037
40020,33.7686,33.7686,78.7,0.0251,2.0037
40080,33.7687,33.7687,78.7,0.0252,2.0037
40140,33.7687,33.7687,78.7,0.0252,2.0037
40200,33.7687,33.7687,78.7,0.0252,2.0037
40260,33.7687,33.7687,78.7,0.0252,2.0037
40320,33.7687,33.7687,78.7,0.0252,2.0037
40380,33.7687,33.7687,78.7,0.0252,2.0037
40440,33.7688,33.7688,78.7,0.0253,2.0037
40500,33.7688,33.7688,78.7,0.0253,2.0037
40560,33.7685,33.7685,78.7,0.025,2.0037
40620,33.7683,33.7683,78.7,0.0248,2.0037
40680,33.7682,33.7682,78.7,0.0247,2.0037
40740,33.7682,33.7682,78.7,0.0247,2.0037
40800,33.7683,33.7683,78.7,0.0248,2.0037
40860,33.7686,33.7686,78.7,0.0251,2.0037
40920,33.7688,33.7688,78.7,0.0253,2.0037
40980,33.7692,33.7692,78.7,0.0257,2.0037
41040,33.7694,33.7694,78.7,0.0259,2.0037
41100,33.7696,33.7696,78.7,0.0261,2.0037
41160,33.7697,33.7697,78.7,0.0262,2.0037
41220,33.7698,33.7698,78.7,0.0263,2.0037
41280,33.7698,33.7698,78.7,0.0263,2.0037
41340,33.7698,33.7698,78.7,0.0263,2.0037
41400,33.7699,33.7699,78.7,0.0264,2.0037
41460,33.7699,33.7699,78.7,0.0264,2.0037
41520,33.7699,33.7699,78.7,0.0264,2.0037
41580,33.77,33.77,78.7,0.0265,2.0037
41640,33.77,33.77,78.7,0.0265,2.0037
41700,33.7699,33.7699,78.7,0.0264,2.0037
41760,33.7698,33.7698,78.7,0.0263,2.0037
41820,33.7698,33.7698,78.7,0.0263,2.0037
41880,33.7699,33.7699,78.7,0.0264,2.0037
41940,33.7697,33.7697,78.7,0.0262,2.0037
42000,33.7696,33.7696,78.7,0.0261,2.0037
42060,33.7695,33.7695,78.7,0.026,2.0037
42120,33.7696,33.7696,78.7,0.0261,2.0037
42180,33.7698,33.7698,78.7,0.0263,2.0037
42240,33.77,33.77,78.7,0.0265,2.0037
42300,33.7703,33.7703,78.7,0.0268,2.0037
42360,33.7706,33.7706,78.7,0.0271,2.0037
42420,33.7709,33.7709,78.7,0.0274,2.0037
42480,33.771,33.771,78.7,0.0275,2.0037
42540,33.7711,33.7711,78.7,0.0276,2.0037
42600,33.7707,33.7707,78.7,0.0272,2.0037
42660,33.7701,33.7701,78.7,0.0266,2.0037
42720,33.7697,33.7697,78.7,0.0262,2.0037
42780,33.7695,33.7695,78.7,0.026,2.0037
42840,33.7695,33.7695,78.7,0.026,2.0037
42900,33.7696,33.7696,78.7,0.0261,2.0037
42960,33.7699,33.7699,78.7,0.0264,2.0037
43020,33.7702,33.7702,78.7,0.0267,2.0037
43080,33.7706,33.7706,78.7,0.0271,2.0037
43140,33.771,33.771,78.7,0.0275,2.0037
43200,33.7714,33.7714,78.7,0.0279,2.0037
43260,33.7718,33.7718,78.7,0.0283,2.0037
43320,33.7722,33.7722,78.7,0.0287,2.0037
43380,33.7725,33.7725,78.7,0.029,2.0037
43440,33.7727,33.7727,78.7,0.0292,2.0037
43500,33.7728,33.7728,78.7,0.0293,2.0037
43560,33.7728,33.7728,78.7,0.0293,2.0037
43620,33.7725,33.7725,78.7,0.029,2.0037
43680,33.7721,33.7721,78.7,0.0286,2.0037
43740,33.7718,33.7718,78.7,0.0283,2.0037
43800,33.7716,33.7716,78.7,0.0281,2.0037
43860,33.7716,33.7716,78.7,0.0281,2.0037
43920,33.7718,33.7718,78.7,0.0283,2.0037
43980,33.772,33.772,78.7,0.0285,2.0037
44040,33.7723,33.7723,78.7,0.0288,2.0037
44100,33.7725,33.7725,78.7,0.029,2.0037
44160,33.7727,33.7727,78.7,0.0292,2.0037
44220,33.7729,33.7729,78.7,0.0294,2.0037
44280,33.7729,33.7729,78.7,0.0294,2.0037
44340,33.773,33.773,78.7,0.0295,2.0037
44400,33.773,33.773,78.7,0.0295,2.0037
44460,33.773,33.773,78.7,0.0295,2.0037
44520,33.773,33.773,78.7,0.0295,2.0037
44580,33.7728,33.7728,78.7,0.0293,2.0037
44640,33.7725,33.7725,78.7,0.029,2.0037
44700,33.7723,33.7723,78.7,0.0288,2.0037
44760,33.7723,33.7723,78.7,0.0288,2.0037
44820,33.7723,33.7723,78.7,0.0288,2.0037
44880,33.7725,33.7725,78.7,0.029,2.0037
44940,33.7727,33.7727,78.7,0.0292,2.0037
45000,33.7729,33.7729,74.7,0.0294,-1.9963
45060,33.7655,33.7655,74.7,0.022,-1.9963
45120,33.7565,33.7565,74.7,0.013,-1.9963
45180,33.7487,33.7487,74.7,0.0052,-1.9963
45240,33.7426,33.7426,74.7,-0.0009,-1.9963
45300,33.7382,33.7382,74.7,-0.0053,-1.9963
45360,33.7351,33.7351,74.7,-0.0084,-1.9963
45420,33.7331,33.7331,74.7,-0.0104,-1.9963
45480,33.7317,33.7317,74.7,-0.0118,-1.9963
45540,33.731,33.731,74.7,-0.0125,-1.9963
45600,33.7306,33.7306,74.7,-0.0129,-1.9963
45660,33.7304,33.7304,74.7,-0.0131,-1.9963
45720,33.7303,33.7303,74.7,-0.0132,-1.9963
45780,33.7304,33.7304,74.7,-0.0131,-1.9963
45840,33.7305,33.7305,74.7,-0.013,-1.9963
45900,33.7306,33.7306,74.7,-0.0129,-1.9963
45960,33.7307,33.7307,74.7,-0.0128,-1.9963
46020,33.7306,33.7306,74.7,-0.0129,-1.9963
46080,33.7306,33.7306,74.7,-0.0129,-1.9963
46140,33.7304,33.7304,74.7,-0.0131,-1.9963
46200,33.7303,33.7303,74.7,-0.0132,-1.9963
46260,33.7302,33.7302,74.7,-0.0133,-1.9963
46320,33.7301,33.7301,74.7,-0.0134,-1.9963
46380,33.73,33.73,74.7,-0.0135,-1.9963
46440,33.7298,33.7298,74.7,-0.0137,-1.9963
46500,33.7297,33.7297,74.7,-0.0138,-1.9963
46560,33.7296,33.7296,74.7,-0.0139,-1.9963
46620,33.7295,33.7295,74.7,-0.014,-1.9963
46680,33.7294,33.7294,74.7,-0.0141,-1.9963
46740,33.7293,33.7293,74.7,-0.0142,-1.9963
46800,33.7292,33.7292,74.7,-0.0143,-1.9963
46860,33.7292,33.7292,74.7,-0.0143,-1.9963
46920,33.7291,33.7291,74.7,-0.0144,-1.9963
46980,33.729,33.729,74.7,-0.0145,-1.9963
47040,33.7286,33.7286,74.7,-0.0149,-1.9963
47100,33.7282,33.7282,74.7,-0.0153,-1.9963
47160,33.728,33.728,74.7,-0.0155,-1.9963
47220,33.7279,33.7279,74.7,-0.0156,-1.9963
47280,33.7279,33.7279,74.7,-0.0156,-1.9963
47340,33.7279,33.7279,74.7,-0.0156,-1.9963
47400,33.728,33.728,74.7,-0.0155,-1.9963
47460,33.7281,33.7281,74.7,-0.0154,-1.9963
47520,33.7283,33.7283,74.7,-0.0152,-1.9963
47580,33.7284,33.7284,74.7,-0.0151,-1.9963
47640,33.7285,33.7285,74.7,-0.015,-1.9963
47700,33.7286,33.7286,74.7,-0.0149,-1.9963
47760,33.7286,33.7286,74.7,-0.0149,-1.9963
47820,33.7286,33.7286,74.7,-0.0149,-1.9963
47880,33.7283,33.7283,74.7,-0.0152,-1.9963
47940,33.7281,33.7281,74.7,-0.0154,-1.9963
48000,33.7279,33.7279,74.7,-0.0156,-1.9963
48060,33.7279,33.7279,74.7,-0.0156,-1.9963
48120,33.7279,33.7279,74.7,-0.0156,-1.9963
48180,33.7279,33.7279,74.7,-0.0156,-1.9963
48240,33.7279,33.7279,74.7,-0.0156,-1.9963
48300,33.7279,33.7279,74.7,-0.0156,-1.9963
48360,33.7278,33.7278,74.7,-0.0157,-1.9963
48420,33.7278,33.7278,74.7,-0.0157,-1.9963
48480,33.7277,33.7277,74.7,-0.0158,-1.9963
48540,33.7276,33.7276,74.7,-0.0159,-1.9963
48600,33.7275,33.7275,74.7,-0.016,-1.9963
48660,33.7274,33.7274,74.7,-0.0161,-1.9963
48720,33.7273,33.7273,74.7,-0.0162,-1.9963
48780,33.7272,33.7272,74.7,-0.0163,-1.9963
48840,33.7272,33.7272,74.7,-0.0163,-1.9963
48900,33.7271,33.7271,74.7,-0.0164,-1.9963
48960,33.727,33.727,74.7,-0.0165,-1.9963
49020,33.727,33.727,74.7,-0.0165,-1.9963
49080,33.7269,33.7269,74.7,-0.0166,-1.9963
49140,33.7268,33.7268,74.7,-0.0167,-1.9963
49200,33.7267,33.7267,74.7,-0.0168,-1.9963
49260,33.7266,33.7266,74.7,-0.0169,-1.9963
49320,33.7266,33.7266,74.7,-0.0169,-1.9963
49380,33.7265,33.7265,74.7,-0.017,-1.9963
49440,33.7264,33.7264,74.7,-0.0171,-1.9963
49500,33.7261,33.7261,74.7,-0.0174,-1.9963
49560,33.7258,33.7258,74.7,-0.0177,-1.9963
49620,33.7257,33.7257,74.7,-0.0178,-1.9963
49680,33.7256,33.7256,74.7,-0.0179,-1.9963
49740,33.7256,33.7256,74.7,-0.0179,-1.9963
49800,33.7257,33.7257,74.7,-0.0178,-1.9963
49860,33.7259,33.7259,74.7,-0.0176,-1.9963
49920,33.726,33.726,74.7,-0.0175,-1.9963
49980,33.7261,33.7261,74.7,-0.0174,-1.9963
50040,33.7261,33.7261,74.7,-0.0174,-1.9963
50100,33.7261,33.7261,74.7,-0.0174,-1.9963
50160,33.7261,33.7261,74.7,-0.0174,-1.9963
50220,33.726,33.726,74.7,-0.0175,-1.9963
50280,33.7259,33.7259,74.7,-0.0176,-1.9963
50340,33.7258,33.7258,74.7,-0.0177,-1.9963
50400,33.7257,33.7257,74.7,-0.0178,-1.9963
50460,33.7257,33.7257,74.7,-0.0178,-1.9963
50520,33.7256,33.7256,74.7,-0.0179,-1.9963
50580,33.7255,33.7255,74.7,-0.018,-1.9963
50640,33.7252,33.7252,74.7,-0.0183,-1.9963
50700,33.7247,33.7247,74.7,-0.0188,-1.9963
50760,33.7243,33.7243,74.7,-0.0192,-1.9963
50820,33.724,33.724,74.7,-0.0195,-1.9963
50880,33.7239,33.7239,74.7,-0.0196,-1.9963
50940,33.7238,33.7238,74.7,-0.0197,-1.9963
51000,33.7239,33.7239,74.7,-0.0196,-1.9963
51060,33.7241,33.7241,74.7,-0.0194,-1.9963
51120,33.7243,33.7243,74.7,-0.0192,-1.9963
51180,33.7245,33.7245,74.7,-0.019,-1.9963
51240,33.7247,33.7247,74.7,-0.0188,-1.9963
51300,33.7249,33.7249,74.7,-0.0186,-1.9963
51360,33.7251,33.7251,74.7,-0.0184,-1.9963
51420,33.7252,33.7252,74.7,-0.0183,-1.9963
51480,33.7251,33.7251,74.7,-0.0184,-1.9963
51540,33.7251,33.7251,74.7,-0.0184,-1.9963
51600,33.725,33.725,74.7,-0.0185,-1.9963
51660,33.7248,33.7248,74.7,-0.0187,-1.9963
51720,33.7247,33.7247,74.7,-0.0188,-1.9963
51780,33.7246,33.7246,74.7,-0.0189,-1.9963
51840,33.7245,33.7245,74.7,-0.019,-1.9963
51900,33.7243,33.7243,74.7,-0.0192,-1.9963
51960,33.7242,33.7242,74.7,-0.0193,-1.9963
52020,33.7241,33.7241,74.7,-0.0194,-1.9963
52080,33.724,33.724,74.7,-0.0195,-1.9963
52140,33.7239,33.7239,74.7,-0.0196,-1.9963
52200,33.7238,33.7238,74.7,-0.0197,-1.9963
52260,33.7237,33.7237,74.7,-0.0198,-1.9963
52320,33.7237,33.7237,74.7,-0.0198,-1.9963
52380,33.7236,33.7236,74.7,-0.0199,-1.9963
52440,33.7235,33.7235,74.7,-0.02,-1.9963
52500,33.7233,33.7233,74.7,-0.0202,-1.9963
52560,33.7229,33.7229,74.7,-0.0206,-1.9963
52620,33.7226,33.7226,74.7,-0.0209,-1.9963
52680,33.7225,33.7225,74.7,-0.021,-1.9963
52740,33.7224,33.7224,74.7,-0.0211,-1.9963
52800,33.7225,33.7225,74.7,-0.021,-1.9963
52860,33.7226,33.7226,74.7,-0.0209,-1.9963
52920,33.7228,33.7228,74.7,-0.0207,-1.9963
52980,33.723,33.723,74.7,-0.0205,-1.9963
53040,33.7232,33.7232,74.7,-0.0203,-1.9963
53100,33.7233,33.7233,74.7,-0.0202,-1.9963
53160,33.7232,33.7232,74.7,-0.0203,-1.9963
53220,33.7232,33.7232,74.7,-0.0203,-1.9963
53280,33.7231,33.7231,74.7,-0.0204,-1.9963
53340,33.723,33.723,74.7,-0.0205,-1.9963
53400,33.7229,33.7229,74.7,-0.0206,-1.9963
53460,33.7228,33.7228,74.7,-0.0207,-1.9963
53520,33.7227,33.7227,74.7,-0.0208,-1.9963
53580,33.7226,33.7226,74.7,-0.0209,-1.9963
53640,33.7225,33.7225,74.7,-0.021,-1.9963
53700,33.7222,33.7222,74.7,-0.0213,-1.9963
53760,33.722,33.722,74.7,-0.0215,-1.9963
53820,33.7219,33.7219,74.7,-0.0216,-1.9963
53880,33.7219,33.7219,74.7,-0.0216,-1.9963
53940,33.7218,33.7218,74.7,-0.0217,-1.9963
54000,33.7218,33.7218,74.7,-0.0217,-1.9963
54060,33.7218,33.7218,74.7,-0.0217,-1.9963
54120,33.7218,33.7218,74.7,-0.0217,-1.9963
54180,33.7218,33.7218,74.7,-0.0217,-1.9963
54240,33.7218,33.7218,74.7,-0.0217,-1.9963
54300,33.7217,33.7217,74.7,-0.0218,-1.9963
54360,33.7217,33.7217,74.7,-0.0218,-1.9963
54420,33.7216,33.7216,74.7,-0.0219,-1.9963
54480,33.7215,33.7215,74.7,-0.022,-1.9963
54540,33.7214,33.7214,74.7,-0.0221,-1.9963
54600,33.7214,33.7214,74.7,-0.0221,-1.9963
54660,33.7213,33.7213,74.7,-0.0222,-1.9963
54720,33.7212,33.7212,74.7,-0.0223,-1.9963
54780,33.7211,33.7211,74.7,-0.0224,-1.9963
54840,33.721,33.721,74.7,-0.0225,-1.9963
54900,33.7208,33.7208,74.7,-0.0227,-1.9963
54960,33.7207,33.7207,74.7,-0.0228,-1.9963
55020,33.7206,33.7206,74.7,-0.0229,-1.9963
55080,33.7206,33.7206,74.7,-0.0229,-1.9963
55140,33.7207,33.7207,74.7,-0.0228,-1.9963
55200,33.7207,33.7207,74.7,-0.0228,-1.9963
55260,33.7204,33.7204,74.7,-0.0231,-1.9963
55320,33.72,33.72,74.7,-0.0235,-1.9963
55380,33.7196,33.7196,74.7,-0.0239,-1.9963
55440,33.7194,33.7194,74.7,-0.0241,-1.9963
55500,33.7193,33.7193,74.7,-0.0242,-1.9963
55560,33.7193,33.7193,74.7,-0.0242,-1.9963
55620,33.7195,33.7195,74.7,-0.024,-1.9963
55680,33.7196,33.7196,74.7,-0.0239,-1.9963
55740,33.7199,33.7199,74.7,-0.0236,-1.9963
55800,33.7201,33.7201,76.7,-0.0234,0.0037
55860,33.7242,33.7242,76.7,-0.0193,0.0037
55920,33.7288,33.7288,76.7,-0.0147,0.0037
55980,33.7327,33.7327,76.7,-0.0108,0.0037
56040,33.7356,33.7356,76.7,-0.0079,0.0037
56100,33.7378,33.7378,76.7,-0.0057,0.0037
56160,33.7393,33.7393,76.7,-0.0042,0.0037
56220,33.7403,33.7403,76.7,-0.0032,0.0037
56280,33.7409,33.7409,76.7,-0.0026,0.0037
56340,33.7413,33.7413,76.7,-0.0022,0.0037
56400,33.7416,33.7416,76.7,-0.0019,0.0037
56460,33.7417,33.7417,76.7,-0.0018,0.0037
56520,33.7418,33.7418,76.7,-0.0017,0.0037
56580,33.7418,33.7418,76.7,-0.0017,0.0037
56640,33.7418,33.7418,76.7,-0.0017,0.0037
56700,33.7417,33.7417,76.7,-0.0018,0.0037
56760,33.7417,33.7417,76.7,-0.0018,0.0037
56820,33.7417,33.7417,76.7,-0.0018,0.0037
56880,33.7417,33.7417,76.7,-0.0018,0.0037
56940,33.7416,33.7416,76.7,-0.0019,0.0037
57000,33.7416,33.7416,76.7,-0.0019,0.0037
57060,33.7415,33.7415,76.7,-0.002,0.0037
57120,33.7413,33.7413,76.7,-0.0022,0.0037
57180,33.7411,33.7411,76.7,-0.0024,0.0037
57240,33.7411,33.7411,76.7,-0.0024,0.0037
57300,33.7412,33.7412,76.7,-0.0023,0.0037
57360,33.7413,33.7413,76.7,-0.0022,0.0037
57420,33.7415,33.7415,76.7,-0.002,0.0037
57480,33.7417,33.7417,76.7,-0.0018,0.0037
57540,33.7418,33.7418,76.7,-0.0017,0.0037
57600,33.7418,33.7418,76.7,-0.0017,0.0037
57660,33.7416,33.7416,76.7,-0.0019,0.0037
57720,33.7412,33.7412,76.7,-0.0023,0.0037
57780,33.7408,33.7408,76.7,-0.0027,0.0037
57840,33.7406,33.7406,76.7,-0.0029,0.0037
57900,33.7406,33.7406,76.7,-0.0029,0.0037
57960,33.7406,33.7406,76.7,-0.0029,0.0037
58020,33.7408,33.7408,76.7,-0.0027,0.0037
58080,33.7411,33.7411,76.7,-0.0024,0.0037
58140,33.7414,33.7414,76.7,-0.0021,0.0037
58200,33.7417,33.7417,76.7,-0.0018,0.0037
58260,33.742,33.742,76.7,-0.0015,0.0037
58320,33.7421,33.7421,76.7,-0.0014,0.0037
58380,33.7422,33.7422,76.7,-0.0013,0.0037
58440,33.7422,33.7422,76.7,-0.0013,0.0037
58500,33.7422,33.7422,76.7,-0.0013,0.0037
58560,33.7421,33.7421,76.7,-0.0014,0.0037
58620,33.7421,33.7421,76.7,-0.0014,0.0037
58680,33.742,33.742,76.7,-0.0015,0.0037
58740,33.7418,33.7418,76.7,-0.0017,0.0037
58800,33.7414,33.7414,76.7,-0.0021,0.0037
58860,33.7409,33.7409,76.7,-0.0026,0.0037
58920,33.7406,33.7406,76.7,-0.0029,0.0037
58980,33.7404,33.7404,76.7,-0.0031,0.0037
59040,33.7404,33.7404,76.7,-0.0031,0.0037
59100,33.7405,33.7405,76.7,-0.003,0.0037
59160,33.7407,33.7407,76.7,-0.0028,0.0037
59220,33.7409,33.7409,76.7,-0.0026,0.0037
59280,33.7413,33.7413,76.7,-0.0022,0.0037
59340,33.7416,33.7416,76.7,-0.0019,0.0037
59400,33.7419,33.7419,76.7,-0.0016,0.0037
59460,33.7421,33.7421,76.7,-0.0014,0.0037
59520,33.7423,33.7423,76.7,-0.0012,0.0037
59580,33.7423,33.7423,76.7,-0.0012,0.0037
59640,33.7423,33.7423,76.7,-0.0012,0.0037
59700,33.7422,33.7422,76.7,-0.0013,0.0037
59760,33.7421,33.7421,76.7,-0.0014,0.0037
59820,33.742,33.742,76.7,-0.0015,0.0037
59880,33.742,33.742,76.7,-0.0015,0.0037
59940,33.7419,33.7419,76.7,-0.0016,0.0037
60000,33.7418,33.7418,76.7,-0.0017,0.0037
60060,33.7418,33.7418,76.7,-0.0017,0.0037
60120,33.7417,33.7417,76.7,-0.0018,0.0037
60180,33.7417,33.7417,76.7,-0.0018,0.0037
60240,33.7417,33.7417,76.7,-0.0018,0.0037
60300,33.7417,33.7417,76.7,-0.0018,0.0037
60360,33.7416,33.7416,76.7,-0.0019,0.0037
60420,33.7416,33.7416,76.7,-0.0019,0.0037
60480,33.7416,33.7416,76.7,-0.0019,0.0037
60540,33.7416,33.7416,76.7,-0.0019,0.0037
60600,33.7416,33.7416,76.7,-0.0019,0.0037
60660,33.7416,33.7416,76.7,-0.0019,0.0037
60720,33.7416,33.7416,76.7,-0.0019,0.0037
60780,33.7416,33.7416,76.7,-0.0019,0.0037
60840,33.7416,33.7416,76.7,-0.0019,0.0037
60900,33.7416,33.7416,76.7,-0.0019,0.0037
60960,33.7416,33.7416,76.7,-0.0019,0.0037
61020,33.7416,33.7416,76.7,-0.0019,0.0037
61080,33.7416,33.7416,76.7,-0.0019,0.0037
61140,33.7416,33.7416,76.7,-0.0019,0.0037
61200,33.7416,33.7416,76.7,-0.0019,0.0037
61260,33.7416,33.7416,76.7,-0.0019,0.0037
61320,33.7416,33.7416,76.7,-0.0019,0.0037
61380,33.7416,33.7416,76.7,-0.0019,0.0037
61440,33.7416,33.7416,76.7,-0.0019,0.0037
61500,33.7416,33.7416,76.7,-0.0019,0.0037
61560,33.7416,33.7416,76.7,-0.0019,0.0037
61620,33.7416,33.7416,76.7,-0.0019,0.0037
61680,33.7416,33.7416,76.7,-0.0019,0.0037
61740,33.7416,33.7416,76.7,-0.0019,0.0037
61800,33.7416,33.7416,76.7,-0.0019,0.0037
61860,33.7416,33.7416,76.7,-0.0019,0.0037
61920,33.7416,33.7416,76.7,-0.0019,0.0037
61980,33.7416,33.7416,76.7,-0.0019,0.0037
62040,33.7416,33.7416,76.7,-0.0019,0.0037
62100,33.7416,33.7416,76.7,-0.0019,0.0037
62160,33.7416,33.7416,76.7,-0.0019,0.0037
62220,33.7416,33.7416,76.7,-0.0019,0.0037
62280,33.7416,33.7416,76.7,-0.0019,0.0037
62340,33.7416,33.7416,76.7,-0.0019,0.0037
62400,33.7416,33.7416,76.7,-0.0019,0.0037
62460,33.7416,33.7416,76.7,-0.0019,0.0037
62520,33.7416,33.7416,76.7,-0.0019,0.0037
62580,33.7416,33.7416,76.7,-0.0019,0.0037
62640,33.7416,33.7416,76.7,-0.0019,0.0037
62700,33.7416,33.7416,76.7,-0.0019,0.0037
62760,33.7416,33.7416,76.7,-0.0019,0.0037
62820,33.7416,33.7416,76.7,-0.0019,0.0037
62880,33.7416,33.7416,76.7,-0.0019,0.0037
62940,33.7416,33.7416,76.7,-0.0019,0.0037
63000,33.7416,33.7416,76.7,-0.0019,0.0037
63060,33.7416,33.7416,76.7,-0.0019,0.0037
63120,33.7416,33.7416,76.7,-0.0019,0.0037
63180,33.7416,33.7416,76.7,-0.0019,0.0037
63240,33.7416,33.7416,76.7,-0.0019,0.0037
63300,33.7416,33.7416,76.7,-0.0019,0.0037
63360,33.7416,33.7416,76.7,-0.0019,0.0037
63420,33.7416,33.7416,76.7,-0.0019,0.0037
63480,33.7416,33.7416,76.7,-0.0019,0.0037
63540,33.7416,33.7416,76.7,-0.0019,0.0037
63600,33.7416,33.7416,76.7,-0.0019,0.0037
63660,33.7416,33.7416,76.7,-0.0019,0.0037
63720,33.7416,33.7416,76.7,-0.0019,0.0037
63780,33.7416,33.7416,76.7,-0.0019,0.0037
63840,33.7416,33.7416,76.7,-0.0019,0.0037
63900,33.7416,33.7416,76.7,-0.0019,0.0037
63960,33.7416,33.7416,76.7,-0.0019,0.0037
64020,33.7416,33.7416,76.7,-0.0019,0.0037
64080,33.7416,33.7416,76.7,-0.0019,0.0037
64140,33.7416,33.7416,76.7,-0.0019,0.0037
64200,33.7416,33.7416,76.7,-0.0019,0.0037
64260,33.7416,33.7416,76.7,-0.0019,0.0037
64320,33.7416,33.7416,76.7,-0.0019,0.0037
64380,33.7416,33.7416,76.7,-0.0019,0.0037
64440,33.7416,33.7416,76.7,-0.0019,0.0037
64500,33.7416,33.7416,76.7,-0.0019,0.0037
64560,33.7416,33.7416,76.7,-0.0019,0.0037
64620,33.7416,33.7416,76.7,-0.0019,0.0037
64680,33.7416,33.7416,76.7,-0.0019,0.0037
64740,33.7416,33.7416,76.7,-0.0019,0.0037
64800,33.7416,33.7416,76.7,-0.0019,0.0037
64860,33.7416,33.7416,76.7,-0.0019,0.0037
64920,33.7416,33.7416,76.7,-0.0019,0.0037
64980,33.7416,33.7416,76.7,-0.0019,0.0037
65040,33.7416,33.7416,76.7,-0.0019,0.0037
65100,33.7416,33.7416,76.7,-0.0019,0.0037
65160,33.7416,33.7416,76.7,-0.0019,0.0037
65220,33.7416,33.7416,76.7,-0.0019,0.0037
65280,33.7416,33.7416,76.7,-0.0019,0.0037
65340,33.7416,33.7416,76.7,-0.0019,0.0037
65400,33.7416,33.7416,76.7,-0.0019,0.0037
65460,33.7416,33.7416,76.7,-0.0019,0.0037
65520,33.7416,33.7416,76.7,-0.0019,0.0037
65580,33.7416,33.7416,76.7,-0.0019,0.0037
65640,33.7416,33.7416,76.7,-0.0019,0.0037
65700,33.7416,33.7416,76.7,-0.0019,0.0037
65760,33.7416,33.7416,76.7,-0.0019,0.0037
65820,33.7416,33.7416,76.7,-0.0019,0.0037
65880,33.7416,33.7416,76.7,-0.0019,0.0037
65940,33.7416,33.7416,76.7,-0.0019,0.0037
66000,33.7416,33.7416,76.7,-0.0019,0.0037
66060,33.7416,33.7416,76.7,-0.0019,0.0037
66120,33.7416,33.7416,76.7,-0.0019,0.0037
66180,33.7416,33.7416,76.7,-0.0019,0.0037
66240,33.7415,33.7415,76.7,-0.002,0.0037
66300,33.7416,33.7416,76.7,-0.0019,0.0037
66360,33.7416,33.7416,76.7,-0.0019,0.0037
66420,33.7416,33.7416,76.7,-0.0019,0.0037
66480,33.7416,33.7416,76.7,-0.0019,0.0037
66540,33.7416,33.7416,76.7,-0.0019,0.0037
66600,33.7416,33.7416,76.7,-0.0019,0.0037
66660,33.7416,33.7416,76.7,-0.0019,0.0037
66720,33.7416,33.7416,76.7,-0.0019,0.0037
66780,33.7416,33.7416,76.7,-0.0019,0.0037
66840,33.7416,33.7416,76.7,-0.0019,0.0037
66900,33.7416,33.7416,76.7,-0.0019,0.0037
66960,33.7416,33.7416,76.7,-0.0019,0.0037
67020,33.7416,33.7416,76.7,-0.0019,0.0037
67080,33.7416,33.7416,76.7,-0.0019,0.0037
67140,33.7416,33.7416,76.7,-0.0019,0.0037
67200,33.7416,33.7416,76.7,-0.0019,0.0037
67260,33.7416,33.7416,76.7,-0.0019,0.0037
67320,33.7416,33.7416,76.7,-0.0019,0.0037
67380,33.7416,33.7416,76.7,-0.0019,0.0037
67440,33.7416,33.7416,76.7,-0.0019,0.0037
67500,33.7416,33.7416,76.7,-0.0019,0.0037
67560,33.7416,33.7416,76.7,-0.0019,0.0037
67620,33.7416,33.7416,76.7,-0.0019,0.0037
67680,33.7416,33.7416,76.7,-0.0019,0.0037
67740,33.7416,33.7416,76.7,-0.0019,0.0037
67800,33.7416,33.7416,76.7,-0.0019,0.0037
67860,33.7416,33.7416,76.7,-0.0019,0.0037
67920,33.7416,33.7416,76.7,-0.0019,0.0037
67980,33.7416,33.7416,76.7,-0.0019,0.0037
68040,33.7416,33.7416,76.7,-0.0019,0.0037
68100,33.7416,33.7416,76.7,-0.0019,0.0037
68160,33.7416,33.7416,76.7,-0.0019,0.0037
68220,33.7416,33.7416,76.7,-0.0019,0.0037
68280,33.7416,33.7416,76.7,-0.0019,0.0037
68340,33.7416,33.7416,76.7,-0.0019,0.0037
68400,33.7416,33.7416,76.7,-0.0019,0.0037
68460,33.7416,33.7416,76.7,-0.0019,0.0037
68520,33.7416,33.7416,76.7,-0.0019,0.0037
68580,33.7416,33.7416,76.7,-0.0019,0.0037
68640,33.7416,33.7416,76.7,-0.0019,0.0037
68700,33.7416,33.7416,76.7,-0.0019,0.0037
68760,33.7416,33.7416,76.7,-0.0019,0.0037
68820,33.7416,33.7416,76.7,-0.0019,0.0037
68880,33.7416,33.7416,76.7,-0.0019,0.0037
68940,33.7416,33.7416,76.7,-0.0019,0.0037
69000,33.7416,33.7416,76.7,-0.0019,0.0037
69060,33.7416,33.7416,76.7,-0.0019,0.0037
69120,33.7416,33.7416,76.7,-0.0019,0.0037
69180,33.7416,33.7416,76.7,-0.0019,0.0037
69240,33.7416,33.7416,76.7,-0.0019,0.0037
69300,33.7416,33.7416,76.7,-0.0019,0.0037
69360,33.7416,33.7416,76.7,-0.0019,0.0037
69420,33.7416,33.7416,76.7,-0.0019,0.0037
69480,33.7416,33.7416,76.7,-0.0019,0.0037
69540,33.7416,33.7416,76.7,-0.0019,0.0037
69600,33.7416,33.7416,76.7,-0.0019,0.0037
69660,33.7416,33.7416,76.7,-0.0019,0.0037
69720,33.7416,33.7416,76.7,-0.0019,0.0037
69780,33.7416,33.7416,76.7,-0.0019,0.0037
69840,33.7416,33.7416,76.7,-0.0019,0.0037
69900,33.7416,33.7416,76.7,-0.0019,0.0037
69960,33.7416,33.7416,76.7,-0.0019,0.0037
70020,33.7416,33.7416,76.7,-0.0019,0.0037
70080,33.7416,33.7416,76.7,-0.0019,0.0037
70140,33.7416,33.7416,76.7,-0.0019,0.0037
70200,33.7416,33.7416,80.7,-0.0019,4.0037
70260,33.7488,33.7488,80.7,0.0053,4.0037
70320,33.7572,33.7572,80.7,0.0137,4.0037
70380,33.7646,33.7646,80.7,0.0211,4.0037
70440,33.7703,33.7703,80.7,0.0268,4.0037
70500,33.7745,33.7745,80.7,0.031,4.0037
70560,33.7774,33.7774,80.7,0.0339,4.0037
70620,33.7795,33.7795,80.7,0.036,4.0037
70680,33.7809,33.7809,80.7,0.0374,4.0037
70740,33.7818,33.7818,80.7,0.0383,4.0037
70800,33.7824,33.7824,80.7,0.0389,4.0037
70860,33.7829,33.7829,80.7,0.0394,4.0037
70920,33.7832,33.7832,80.7,0.0397,4.0037
70980,33.7834,33.7834,80.7,0.0399,4.0037
71040,33.7835,33.7835,80.7,0.04,4.0037
71100,33.7837,33.7837,80.7,0.0402,4.0037
71160,33.7838,33.7838,80.7,0.0403,4.0037
71220,33.7839,33.7839,80.7,0.0404,4.0037
71280,33.784,33.784,80.7,0.0405,4.0037
71340,33.7841,33.7841,80.7,0.0406,4.0037
71400,33.7842,33.7842,80.7,0.0407,4.0037
71460,33.7843,33.7843,80.7,0.0408,4.0037
71520,33.7844,33.7844,80.7,0.0409,4.0037
71580,33.7845,33.7845,80.7,0.041,4.0037
71640,33.7846,33.7846,80.7,0.0411,4.0037
71700,33.7847,33.7847,80.7,0.0412,4.0037
71760,33.7848,33.7848,80.7,0.0413,4.0037
71820,33.7849,33.7849,80.7,0.0414,4.0037
71880,33.7851,33.7851,80.7,0.0416,4.0037
71940,33.7852,33.7852,80.7,0.0417,4.0037
72000,33.7853,33.7853,80.7,0.0418,4.0037
72060,33.7854,33.7854,80.7,0.0419,4.0037
72120,33.7855,33.7855,80.7,0.042,4.0037
72180,33.7856,33.7856,80.7,0.0421,4.0037
72240,33.7857,33.7857,80.7,0.0422,4.0037
72300,33.7859,33.7859,80.7,0.0424,4.0037
72360,33.786,33.786,80.7,0.0425,4.0037
72420,33.7861,33.7861,80.7,0.0426,4.0037
72480,33.7862,33.7862,80.7,0.0427,4.0037
72540,33.7863,33.7863,80.7,0.0428,4.0037
72600,33.7864,33.7864,80.7,0.0429,4.0037
72660,33.7865,33.7865,80.7,0.043,4.0037
72720,33.7867,33.7867,80.7,0.0432,4.0037
72780,33.7868,33.7868,80.7,0.0433,4.0037
72840,33.7869,33.7869,80.7,0.0434,4.0037
72900,33.787,33.787,80.7,0.0435,4.0037
72960,33.7871,33.7871,80.7,0.0436,4.0037
73020,33.7872,33.7872,80.7,0.0437,4.0037
73080,33.787,33.787,80.7,0.0435,4.0037
73140,33.7869,33.7869,80.7,0.0434,4.0037
73200,33.7869,33.7869,80.7,0.0434,4.0037
73260,33.7871,33.7871,80.7,0.0436,4.0037
73320,33.7874,33.7874,80.7,0.0439,4.0037
73380,33.7877,33.7877,80.7,0.0442,4.0037
73440,33.788,33.788,80.7,0.0445,4.0037
73500,33.7883,33.7883,80.7,0.0448,4.0037
73560,33.7885,33.7885,80.7,0.045,4.0037
73620,33.7887,33.7887,80.7,0.0452,4.0037
73680,33.7888,33.7888,80.7,0.0453,4.0037
73740,33.7889,33.7889,80.7,0.0454,4.0037
73800,33.7888,33.7888,80.7,0.0453,4.0037
73860,33.7887,33.7887,80.7,0.0452,4.0037
73920,33.7887,33.7887,80.7,0.0452,4.0037
73980,33.7888,33.7888,80.7,0.0453,4.0037
74040,33.7891,33.7891,80.7,0.0456,4.0037
74100,33.7893,33.7893,80.7,0.0458,4.0037
74160,33.7895,33.7895,80.7,0.046,4.0037
74220,33.7897,33.7897,80.7,0.0462,4.0037
74280,33.7898,33.7898,80.7,0.0463,4.0037
74340,33.7899,33.7899,80.7,0.0464,4.0037
74400,33.79,33.79,80.7,0.0465,4.0037
74460,33.7901,33.7901,80.7,0.0466,4.0037
74520,33.7902,33.7902,80.7,0.0467,4.0037
74580,33.7903,33.7903,80.7,0.0468,4.0037
74640,33.7904,33.7904,80.7,0.0469,4.0037
74700,33.7904,33.7904,80.7,0.0469,4.0037
74760,33.7905,33.7905,80.7,0.047,4.0037
74820,33.7906,33.7906,80.7,0.0471,4.0037
74880,33.7907,33.7907,80.7,0.0472,4.0037
74940,33.7909,33.7909,80.7,0.0474,4.0037
75000,33.791,33.791,80.7,0.0475,4.0037
75060,33.7911,33.7911,80.7,0.0476,4.0037
75120,33.7912,33.7912,80.7,0.0477,4.0037
75180,33.7913,33.7913,80.7,0.0478,4.0037
75240,33.7914,33.7914,80.7,0.0479,4.0037
75300,33.7915,33.7915,80.7,0.048,4.0037
75360,33.7916,33.7916,80.7,0.0481,4.0037
75420,33.7917,33.7917,80.7,0.0482,4.0037
75480,33.7919,33.7919,80.7,0.0484,4.0037
75540,33.792,33.792,80.7,0.0485,4.0037
75600,33.7921,33.7921,80.7,0.0486,4.0037
75660,33.7922,33.7922,80.7,0.0487,4.0037
75720,33.7923,33.7923,80.7,0.0488,4.0037
75780,33.7924,33.7924,80.7,0.0489,4.0037
75840,33.7925,33.7925,80.7,0.049,4.0037
75900,33.7927,33.7927,80.7,0.0492,4.0037
75960,33.7928,33.7928,80.7,0.0493,4.0037
76020,33.7929,33.7929,80.7,0.0494,4.0037
76080,33.793,33.793,80.7,0.0495,4.0037
76140,33.7931,33.7931,80.7,0.0496,4.0037
76200,33.7932,33.7932,80.7,0.0497,4.0037
76260,33.7933,33.7933,80.7,0.0498,4.0037
76320,33.7934,33.7934,80.7,0.0499,4.0037
76380,33.7935,33.7935,80.7,0.05,4.0037
76440,33.7937,33.7937,80.7,0.0502,4.0037
76500,33.7938,33.7938,80.7,0.0503,4.0037
76560,33.7939,33.7939,80.7,0.0504,4.0037
76620,33.794,33.794,80.7,0.0505,4.0037
76680,33.7941,33.7941,80.7,0.0506,4.0037
76740,33.7942,33.7942,80.7,0.0507,4.0037
76800,33.794,33.794,80.7,0.0505,4.0037
76860,33.794,33.794,80.7,0.0505,4.0037
76920,33.794,33.794,80.7,0.0505,4.0037
76980,33.7942,33.7942,80.7,0.0507,4.0037
77040,33.7944,33.7944,80.7,0.0509,4.0037
77100,33.7947,33.7947,80.7,0.0512,4.0037
77160,33.795,33.795,80.7,0.0515,4.0037
77220,33.7953,33.7953,80.7,0.0518,4.0037
77280,33.7954,33.7954,80.7,0.0519,4.0037
77340,33.7952,33.7952,80.7,0.0517,4.0037
77400,33.795,33.795,80.7,0.0515,4.0037
77460,33.7948,33.7948,80.7,0.0513,4.0037
77520,33.7948,33.7948,80.7,0.0513,4.0037
77580,33.7949,33.7949,80.7,0.0514,4.0037
77640,33.7951,33.7951,80.7,0.0516,4.0037
77700,33.7955,33.7955,80.7,0.052,4.0037
77760,33.7958,33.7958,80.7,0.0523,4.0037
77820,33.7963,33.7963,80.7,0.0528,4.0037
77880,33.7967,33.7967,80.7,0.0532,4.0037
77940,33.797,33.797,80.7,0.0535,4.0037
78000,33.7972,33.7972,80.7,0.0537,4.0037
78060,33.7973,33.7973,80.7,0.0538,4.0037
78120,33.7974,33.7974,80.7,0.0539,4.0037
78180,33.7974,33.7974,80.7,0.0539,4.0037
78240,33.7973,33.7973,80.7,0.0538,4.0037
78300,33.7974,33.7974,80.7,0.0539,4.0037
78360,33.7975,33.7975,80.7,0.054,4.0037
78420,33.7976,33.7976,80.7,0.0541,4.0037
78480,33.7978,33.7978,80.7,0.0543,4.0037
78540,33.7979,33.7979,80.7,0.0544,4.0037
78600,33.798,33.798,80.7,0.0545,4.0037
78660,33.798,33.798,80.7,0.0545,4.0037
78720,33.7981,33.7981,80.7,0.0546,4.0037
78780,33.7982,33.7982,80.7,0.0547,4.0037
78840,33.7983,33.7983,80.7,0.0548,4.0037
78900,33.7984,33.7984,80.7,0.0549,4.0037
78960,33.7985,33.7985,80.7,0.055,4.0037
79020,33.7986,33.7986,80.7,0.0551,4.0037
79080,33.7987,33.7987,80.7,0.0552,4.0037
79140,33.7988,33.7988,80.7,0.0553,4.0037
79200,33.7989,33.7989,80.7,0.0554,4.0037
79260,33.7989,33.7989,80.7,0.0554,4.0037
79320,33.7986,33.7986,80.7,0.0551,4.0037
79380,33.7984,33.7984,80.7,0.0549,4.0037
79440,33.7983,33.7983,80.7,0.0548,4.0037
79500,33.7983,33.7983,80.7,0.0548,4.0037
79560,33.7985,33.7985,80.7,0.055,4.0037
79620,33.7988,33.7988,80.7,0.0553,4.0037
79680,33.7991,33.7991,80.7,0.0556,4.0037
79740,33.7994,33.7994,80.7,0.0559,4.0037
79800,33.7998,33.7998,80.7,0.0563,4.0037
79860,33.8002,33.8002,80.7,0.0567,4.0037
79920,33.8001,33.8001,80.7,0.0566,4.0037
79980,33.8001,33.8001,80.7,0.0566,4.0037
80040,33.8002,33.8002,80.7,0.0567,4.0037
80100,33.8004,33.8004,80.7,0.0569,4.0037
80160,33.8006,33.8006,80.7,0.0571,4.0037
80220,33.8009,33.8009,80.7,0.0574,4.0037
80280,33.8013,33.8013,80.7,0.0578,4.0037
80340,33.8016,33.8016,80.7,0.0581,4.0037
80400,33.8018,33.8018,80.7,0.0583,4.0037
80460,33.8019,33.8019,80.7,0.0584,4.0037
80520,33.802,33.802,80.7,0.0585,4.0037
80580,33.8021,33.8021,80.7,0.0586,4.0037
80640,33.802,33.802,80.7,0.0585,4.0037
80700,33.8018,33.8018,80.7,0.0583,4.0037
80760,33.8018,33.8018,80.7,0.0583,4.0037
80820,33.8018,33.8018,80.7,0.0583,4.0037
80880,33.802,33.802,80.7,0.0585,4.0037
80940,33.8022,33.8022,80.7,0.0587,4.0037
81000,33.8024,33.8024,80.7,0.0589,4.0037
81060,33.8024,33.8024,80.7,0.0589,4.0037
81120,33.8023,33.8023,80.7,0.0588,4.0037
81180,33.8022,33.8022,80.7,0.0587,4.0037
81240,33.8023,33.8023,80.7,0.0588,4.0037
81300,33.8025,33.8025,80.7,0.059,4.0037
81360,33.8027,33.8027,80.7,0.0592,4.0037
81420,33.8031,33.8031,80.7,0.0596,4.0037
81480,33.8034,33.8034,80.7,0.0599,4.0037
81540,33.8035,33.8035,80.7,0.06,4.0037
81600,33.8033,33.8033,80.7,0.0598,4.0037
81660,33.8032,33.8032,80.7,0.0597,4.0037
81720,33.8031,33.8031,80.7,0.0596,4.0037
81780,33.8032,33.8032,80.7,0.0597,4.0037
81840,33.8033,33.8033,80.7,0.0598,4.0037
81900,33.8036,33.8036,80.7,0.0601,4.0037
81960,33.8039,33.8039,80.7,0.0604,4.0037
82020,33.8042,33.8042,80.7,0.0607,4.0037
82080,33.8046,33.8046,80.7,0.0611,4.0037
82140,33.8048,33.8048,80.7,0.0613,4.0037
82200,33.805,33.805,80.7,0.0615,4.0037
82260,33.8052,33.8052,80.7,0.0617,4.0037
82320,33.8053,33.8053,80.7,0.0618,4.0037
82380,33.8053,33.8053,80.7,0.0618,4.0037
82440,33.8054,33.8054,80.7,0.0619,4.0037
82500,33.8054,33.8054,80.7,0.0619,4.0037
82560,33.8055,33.8055,80.7,0.062,4.0037
82620,33.8056,33.8056,80.7,0.0621,4.0037
82680,33.8056,33.8056,80.7,0.0621,4.0037
82740,33.8057,33.8057,80.7,0.0622,4.0037
82800,33.8057,33.8057,80.7,0.0622,4.0037
82860,33.8058,33.8058,80.7,0.0623,4.0037
82920,33.8058,33.8058,80.7,0.0623,4.0037
82980,33.8059,33.8059,80.7,0.0624,4.0037
83040,33.8061,33.8061,80.7,0.0626,4.0037
83100,33.8062,33.8062,80.7,0.0627,4.0037
83160,33.8064,33.8064,80.7,0.0629,4.0037
83220,33.8063,33.8063,80.7,0.0628,4.0037
83280,33.8061,33.8061,80.7,0.0626,4.0037
83340,33.806,33.806,80.7,0.0625,4.0037
83400,33.806,33.806,80.7,0.0625,4.0037
83460,33.8061,33.8061,80.7,0.0626,4.0037
83520,33.8064,33.8064,80.7,0.0629,4.0037
83580,33.8067,33.8067,80.7,0.0632,4.0037
83640,33.807,33.807,80.7,0.0635,4.0037
83700,33.8074,33.8074,80.7,0.0639,4.0037
83760,33.8078,33.8078,80.7,0.0643,4.0037
83820,33.808,33.808,80.7,0.0645,4.0037
83880,33.8082,33.8082,80.7,0.0647,4.0037
83940,33.8083,33.8083,80.7,0.0648,4.0037
84000,33.8084,33.8084,80.7,0.0649,4.0037
84060,33.8084,33.8084,80.7,0.0649,4.0037
84120,33.8085,33.8085,80.7,0.065,4.0037
84180,33.8081,33.8081,80.7,0.0646,4.0037
84240,33.8075,33.8075,80.7,0.064,4.0037
84300,33.8069,33.8069,80.7,0.0634,4.0037
84360,33.8065,33.8065,80.7,0.063,4.0037
84420,33.8063,33.8063,80.7,0.0628,4.0037
84480,33.8061,33.8061,80.7,0.0626,4.0037
84540,33.8061,33.8061,80.7,0.0626,4.0037
84600,33.8063,33.8063,74.7,0.0628,-1.9963
84660,33.7954,33.7954,74.7,0.0519,-1.9963
84720,33.7825,33.7825,74.7,0.039,-1.9963
84780,33.7714,33.7714,74.7,0.0279,-1.9963
84840,33.7628,33.7628,74.7,0.0193,-1.9963
84900,33.7566,33.7566,74.7,0.0131,-1.9963
84960,33.7522,33.7522,74.7,0.0087,-1.9963
85020,33.7494,33.7494,74.7,0.0059,-1.9963
85080,33.7477,33.7477,74.7,0.0042,-1.9963
85140,33.7467,33.7467,74.7,0.0032,-1.9963
85200,33.7462,33.7462,74.7,0.0027,-1.9963
85260,33.746,33.746,74.7,0.0025,-1.9963
85320,33.7461,33.7461,74.7,0.0026,-1.9963
85380,33.7464,33.7464,74.7,0.0029,-1.9963
85440,33.7467,33.7467,74.7,0.0032,-1.9963
85500,33.7471,33.7471,74.7,0.0036,-1.9963
85560,33.7475,33.7475,74.7,0.004,-1.9963
85620,33.7479,33.7479,74.7,0.0044,-1.9963
85680,33.7483,33.7483,74.7,0.0048,-1.9963
85740,33.7486,33.7486,74.7,0.0051,-1.9963
85800,33.7486,33.7486,74.7,0.0051,-1.9963
85860,33.7485,33.7485,74.7,0.005,-1.9963
85920,33.7482,33.7482,74.7,0.0047,-1.9963
85980,33.7476,33.7476,74.7,0.0041,-1.9963
86040,33.7472,33.7472,74.7,0.0037,-1.9963
86100,33.7468,33.7468,74.7,0.0033,-1.9963
86160,33.7467,33.7467,74.7,0.0032,-1.9963
86220,33.7465,33.7465,74.7,0.003,-1.9963
86280,33.7464,33.7464,74.7,0.0029,-1.9963
86340,33.7461,33.7461,74.7,0.0026,-1.9963
86400,33.7458,33.7458,74.7,0.0023,-1.9963
86460,33.7456,33.7456,74.7,0.0021,-1.9963
86520,33.7455,33.7455,74.7,0.002,-1.9963
86580,33.7455,33.7455,74.7,0.002,-1.9963
86640,33.7454,33.7454,74.7,0.0019,-1.9963
86700,33.7454,33.7454,74.7,0.0019,-1.9963
86760,33.7453,33.7453,74.7,0.0018,-1.9963
86820,33.7453,33.7453,74.7,0.0018,-1.9963
86880,33.7452,33.7452,74.7,0.0017,-1.9963
86940,33.7451,33.7451,74.7,0.0016,-1.9963
87000,33.745,33.745,74.7,0.0015,-1.9963
87060,33.7449,33.7449,74.7,0.0014,-1.9963
87120,33.7448,33.7448,74.7,0.0013,-1.9963
87180,33.7447,33.7447,74.7,0.0012,-1.9963
87240,33.7446,33.7446,74.7,0.0011,-1.9963
87300,33.7446,33.7446,74.7,0.0011,-1.9963
87360,33.7445,33.7445,74.7,0.001,-1.9963
87420,33.7444,33.7444,74.7,0.0009,-1.9963
87480,33.7443,33.7443,74.7,0.0008,-1.9963
87540,33.7439,33.7439,74.7,0.0004,-1.9963
87600,33.7436,33.7436,74.7,0.0001,-1.9963
87660,33.7433,33.7433,74.7,-0.0002,-1.9963
87720,33.7431,33.7431,74.7,-0.0004,-1.9963
87780,33.7431,33.7431,74.7,-0.0004,-1.9963
87840,33.7431,33.7431,74.7,-0.0004,-1.9963
87900,33.7433,33.7433,74.7,-0.0002,-1.9963
87960,33.7435,33.7435,74.7,0,-1.9963
88020,33.7437,33.7437,74.7,0.0002,-1.9963
88080,33.7439,33.7439,74.7,0.0004,-1.9963
88140,33.7441,33.7441,74.7,0.0006,-1.9963
88200,33.7441,33.7441,74.7,0.0006,-1.9963
88260,33.7441,33.7441,74.7,0.0006,-1.9963
88320,33.7439,33.7439,74.7,0.0004,-1.9963
88380,33.7438,33.7438,74.7,0.0003,-1.9963
88440,33.7436,33.7436,74.7,0.0001,-1.9963
88500,33.7435,33.7435,74.7,0,-1.9963
88560,33.7435,33.7435,74.7,0,-1.9963
88620,33.7434,33.7434,74.7,-1E-04,-1.9963
88680,33.7432,33.7432,74.7,-0.0003,-1.9963
88740,33.7429,33.7429,74.7,-0.0006,-1.9963
88800,33.7427,33.7427,74.7,-0.0008,-1.9963
88860,33.7425,33.7425,74.7,-0.001,-1.9963
88920,33.7425,33.7425,74.7,-0.001,-1.9963
88980,33.7425,33.7425,74.7,-0.001,-1.9963
89040,33.7426,33.7426,74.7,-0.0009,-1.9963
89100,33.7427,33.7427,74.7,-0.0008,-1.9963
89160,33.7427,33.7427,74.7,-0.0008,-1.9963
89220,33.7427,33.7427,74.7,-0.0008,-1.9963
89280,33.7427,33.7427,74.7,-0.0008,-1.9963
89340,33.7426,33.7426,74.7,-0.0009,-1.9963
89400,33.7426,33.7426,74.7,-0.0009,-1.9963
89460,33.7425,33.7425,74.7,-0.001,-1.9963
89520,33.7421,33.7421,74.7,-0.0014,-1.9963
89580,33.7418,33.7418,74.7,-0.0017,-1.9963
89640,33.7416,33.7416,74.7,-0.0019,-1.9963
89700,33.7415,33.7415,74.7,-0.002,-1.9963
89760,33.7416,33.7416,74.7,-0.0019,-1.9963
89820,33.7417,33.7417,74.7,-0.0018,-1.9963
89880,33.7419,33.7419,74.7,-0.0016,-1.9963
89940,33.7421,33.7421,74.7,-0.0014,-1.9963
90000,33.7421,33.7421,74.7,-0.0014,-1.9963
90060,33.7421,33.7421,74.7,-0.0014,-1.9963
90120,33.7421,33.7421,74.7,-0.0014,-1.9963
90180,33.742,33.742,74.7,-0.0015,-1.9963
90240,33.7419,33.7419,74.7,-0.0016,-1.9963
90300,33.7418,33.7418,74.7,-0.0017,-1.9963
90360,33.7417,33.7417,74.7,-0.0018,-1.9963
90420,33.7416,33.7416,74.7,-0.0019,-1.9963
90480,33.7415,33.7415,74.7,-0.002,-1.9963
90540,33.7414,33.7414,74.7,-0.0021,-1.9963
90600,33.7412,33.7412,74.7,-0.0023,-1.9963
90660,33.741,33.741,74.7,-0.0025,-1.9963
90720,33.7408,33.7408,74.7,-0.0027,-1.9963
90780,33.7407,33.7407,74.7,-0.0028,-1.9963
90840,33.7407,33.7407,74.7,-0.0028,-1.9963
90900,33.7406,33.7406,74.7,-0.0029,-1.9963
90960,33.7406,33.7406,74.7,-0.0029,-1.9963
91020,33.7406,33.7406,74.7,-0.0029,-1.9963
91080,33.7401,33.7401,74.7,-0.0034,-1.9963
91140,33.7394,33.7394,74.7,-0.0041,-1.9963
91200,33.7388,33.7388,74.7,-0.0047,-1.9963
91260,33.7383,33.7383,74.7,-0.0052,-1.9963
91320,33.7381,33.7381,74.7,-0.0054,-1.9963
91380,33.7381,33.7381,74.7,-0.0054,-1.9963
91440,33.7382,33.7382,74.7,-0.0053,-1.9963
91500,33.7384,33.7384,74.7,-0.0051,-1.9963
91560,33.7387,33.7387,74.7,-0.0048,-1.9963
91620,33.739,33.739,74.7,-0.0045,-1.9963
91680,33.7393,33.7393,74.7,-0.0042,-1.9963
91740,33.7397,33.7397,74.7,-0.0038,-1.9963
91800,33.7401,33.7401,74.7,-0.0034,-1.9963
91860,33.7404,33.7404,74.7,-0.0031,-1.9963
91920,33.7408,33.7408,74.7,-0.0027,-1.9963
91980,33.741,33.741,74.7,-0.0025,-1.9963
92040,33.7411,33.7411,74.7,-0.0024,-1.9963
92100,33.741,33.741,74.7,-0.0025,-1.9963
92160,33.7409,33.7409,74.7,-0.0026,-1.9963
92220,33.7407,33.7407,74.7,-0.0028,-1.9963
92280,33.7403,33.7403,74.7,-0.0032,-1.9963
92340,33.74,33.74,74.7,-0.0035,-1.9963
92400,33.7398,33.7398,74.7,-0.0037,-1.9963
92460,33.7396,33.7396,74.7,-0.0039,-1.9963
92520,33.7396,33.7396,74.7,-0.0039,-1.9963
92580,33.7395,33.7395,74.7,-0.004,-1.9963
92640,33.7394,33.7394,74.7,-0.0041,-1.9963
92700,33.7393,33.7393,74.7,-0.0042,-1.9963
92760,33.7392,33.7392,74.7,-0.0043,-1.9963
92820,33.7391,33.7391,74.7,-0.0044,-1.9963
92880,33.7391,33.7391,74.7,-0.0044,-1.9963
92940,33.739,33.739,74.7,-0.0045,-1.9963
93000,33.7388,33.7388,74.7,-0.0047,-1.9963
93060,33.7388,33.7388,74.7,-0.0047,-1.9963
93120,33.7386,33.7386,74.7,-0.0049,-1.9963
93180,33.7385,33.7385,74.7,-0.005,-1.9963
93240,33.7382,33.7382,74.7,-0.0053,-1.9963
93300,33.7378,33.7378,74.7,-0.0057,-1.9963
93360,33.7374,33.7374,74.7,-0.0061,-1.9963
93420,33.7372,33.7372,74.7,-0.0063,-1.9963
93480,33.7372,33.7372,74.7,-0.0063,-1.9963
93540,33.7371,33.7371,74.7,-0.0064,-1.9963
93600,33.7372,33.7372,74.7,-0.0063,-1.9963
93660,33.7374,33.7374,74.7,-0.0061,-1.9963
93720,33.7376,33.7376,74.7,-0.0059,-1.9963
93780,33.7377,33.7377,74.7,-0.0058,-1.9963
93840,33.7379,33.7379,74.7,-0.0056,-1.9963
93900,33.7381,33.7381,74.7,-0.0054,-1.9963
93960,33.7381,33.7381,74.7,-0.0054,-1.9963
94020,33.7381,33.7381,74.7,-0.0054,-1.9963
94080,33.7381,33.7381,74.7,-0.0054,-1.9963
94140,33.738,33.738,74.7,-0.0055,-1.9963
94200,33.7379,33.7379,74.7,-0.0056,-1.9963
94260,33.7378,33.7378,74.7,-0.0057,-1.9963
94320,33.7377,33.7377,74.7,-0.0058,-1.9963
94380,33.7375,33.7375,74.7,-0.006,-1.9963
94440,33.7374,33.7374,74.7,-0.0061,-1.9963
94500,33.7373,33.7373,74.7,-0.0062,-1.9963
94560,33.7372,33.7372,74.7,-0.0063,-1.9963
94620,33.7371,33.7371,74.7,-0.0064,-1.9963
94680,33.737,33.737,74.7,-0.0065,-1.9963
94740,33.7368,33.7368,74.7,-0.0067,-1.9963
94800,33.7366,33.7366,74.7,-0.0069,-1.9963
94860,33.7364,33.7364,74.7,-0.0071,-1.9963
94920,33.7364,33.7364,74.7,-0.0071,-1.9963
94980,33.7364,33.7364,74.7,-0.0071,-1.9963
95040,33.7365,33.7365,74.7,-0.007,-1.9963
95100,33.7365,33.7365,74.7,-0.007,-1.9963
95160,33.7365,33.7365,74.7,-0.007,-1.9963
95220,33.7365,33.7365,74.7,-0.007,-1.9963
95280,33.7365,33.7365,74.7,-0.007,-1.9963
95340,33.7364,33.7364,74.7,-0.0071,-1.9963
95400,33.7363,33.7363,74.7,-0.0072,-1.9963
95460,33.7362,33.7362,74.7,-0.0073,-1.9963
95520,33.7358,33.7358,74.7,-0.0077,-1.9963
95580,33.7354,33.7354,74.7,-0.0081,-1.9963
95640,33.7352,33.7352,74.7,-0.0083,-1.9963
95700,33.7351,33.7351,74.7,-0.0084,-1.9963
95760,33.7351,33.7351,74.7,-0.0084,-1.9963
95820,33.7352,33.7352,74.7,-0.0083,-1.9963
95880,33.7354,33.7354,74.7,-0.0081,-1.9963
95940,33.7356,33.7356,74.7,-0.0079,-1.9963
96000,33.7359,33.7359,74.7,-0.0076,-1.9963
96060,33.736,33.736,74.7,-0.0075,-1.9963
96120,33.736,33.736,74.7,-0.0075,-1.9963
96180,33.7356,33.7356,74.7,-0.0079,-1.9963
96240,33.735,33.735,74.7,-0.0085,-1.9963
96300,33.7346,33.7346,74.7,-0.0089,-1.9963
96360,33.7343,33.7343,74.7,-0.0092,-1.9963
96420,33.7341,33.7341,74.7,-0.0094,-1.9963
96480,33.7341,33.7341,74.7,-0.0094,-1.9963
96540,33.7341,33.7341,74.7,-0.0094,-1.9963
96600,33.7342,33.7342,74.7,-0.0093,-1.9963
96660,33.7344,33.7344,74.7,-0.0091,-1.9963
96720,33.7346,33.7346,74.7,-0.0089,-1.9963
96780,33.7349,33.7349,74.7,-0.0086,-1.9963
96840,33.7352,33.7352,74.7,-0.0083,-1.9963
96900,33.7353,33.7353,74.7,-0.0082,-1.9963
96960,33.7351,33.7351,74.7,-0.0084,-1.9963
97020,33.7347,33.7347,74.7,-0.0088,-1.9963
97080,33.7345,33.7345,74.7,-0.009,-1.9963
97140,33.7343,33.7343,74.7,-0.0092,-1.9963
97200,33.7343,33.7343,74.7,-0.0092,-1.9963
97260,33.7344,33.7344,74.7,-0.0091,-1.9963
97320,33.7346,33.7346,74.7,-0.0089,-1.9963
97380,33.7347,33.7347,74.7,-0.0088,-1.9963
97440,33.7347,33.7347,74.7,-0.0088,-1.9963
97500,33.7347,33.7347,74.7,-0.0088,-1.9963
97560,33.7346,33.7346,74.7,-0.0089,-1.9963
97620,33.7345,33.7345,74.7,-0.009,-1.9963
97680,33.7344,33.7344,74.7,-0.0091,-1.9963
97740,33.7342,33.7342,74.7,-0.0093,-1.9963
97800,33.7341,33.7341,74.7,-0.0094,-1.9963
97860,33.734,33.734,74.7,-0.0095,-1.9963
97920,33.7339,33.7339,74.7,-0.0096,-1.9963
97980,33.7338,33.7338,74.7,-0.0097,-1.9963
98040,33.7337,33.7337,74.7,-0.0098,-1.9963
98100,33.7336,33.7336,74.7,-0.0099,-1.9963
98160,33.7334,33.7334,74.7,-0.0101,-1.9963
98220,33.7331,33.7331,74.7,-0.0104,-1.9963
98280,33.7328,33.7328,74.7,-0.0107,-1.9963
98340,33.7327,33.7327,74.7,-0.0108,-1.9963
98400,33.7326,33.7326,74.7,-0.0109,-1.9963
98460,33.7327,33.7327,74.7,-0.0108,-1.9963
98520,33.7328,33.7328,74.7,-0.0107,-1.9963
98580,33.7329,33.7329,74.7,-0.0106,-1.9963
98640,33.733,33.733,74.7,-0.0105,-1.9963
98700,33.733,33.733,74.7,-0.0105,-1.9963
98760,33.733,33.733,74.7,-0.0105,-1.9963
98820,33.7329,33.7329,74.7,-0.0106,-1.9963
98880,33.7329,33.7329,74.7,-0.0106,-1.9963
98940,33.7328,33.7328,74.7,-0.0107,-1.9963
99000,33.7327,33.7327,72.7,-0.0108,-3.9963
99060,33.7286,33.7286,72.7,-0.0149,-3.9963
99120,33.7233,33.7233,72.7,-0.0202,-3.9963
99180,33.7184,33.7184,72.7,-0.0251,-3.9963
99240,33.7144,33.7144,72.7,-0.0291,-3.9963
99300,33.7115,33.7115,72.7,-0.032,-3.9963
99360,33.7095,33.7095,72.7,-0.034,-3.9963
99420,33.7082,33.7082,72.7,-0.0353,-3.9963
99480,33.7074,33.7074,72.7,-0.0361,-3.9963
99540,33.707,33.707,72.7,-0.0365,-3.9963
99600,33.7069,33.7069,72.7,-0.0366,-3.9963
99660,33.707,33.707,72.7,-0.0365,-3.9963
99720,33.7072,33.7072,72.7,-0.0363,-3.9963
99780,33.7075,33.7075,72.7,-0.036,-3.9963
99840,33.7078,33.7078,72.7,-0.0357,-3.9963
99900,33.7081,33.7081,72.7,-0.0354,-3.9963
99960,33.7084,33.7084,72.7,-0.0351,-3.9963
100020.5,33.7086,33.7086,72.7,-0.0349,-3.9963
100080.5,33.7089,33.7089,72.7,-0.0346,-3.9963
100140.5,33.7091,33.7091,72.7,-0.0344,-3.9963
100200.5,33.7092,33.7092,72.7,-0.0343,-3.9963
100260.5,33.7091,33.7091,72.7,-0.0344,-3.9963
100320.5,33.709,33.709,72.7,-0.0345,-3.9963
100380.5,33.7088,33.7088,72.7,-0.0347,-3.9963
100440.5,33.7085,33.7085,72.7,-0.035,-3.9963
100500.5,33.7082,33.7082,72.7,-0.0353,-3.9963
100560.5,33.7079,33.7079,72.7,-0.0356,-3.9963
100620.5,33.7076,33.7076,72.7,-0.0359,-3.9963
100680.5,33.7073,33.7073,72.7,-0.0362,-3.9963
100740.5,33.707,33.707,72.7,-0.0365,-3.9963
100800.5,33.7068,33.7068,72.7,-0.0367,-3.9963
100860.5,33.7065,33.7065,72.7,-0.037,-3.9963
100920.5,33.7063,33.7063,72.7,-0.0372,-3.9963
100980.5,33.7062,33.7062,72.7,-0.0373,-3.9963
101040.5,33.706,33.706,72.7,-0.0375,-3.9963
101100.5,33.7058,33.7058,72.7,-0.0377,-3.9963
101160.5,33.7054,33.7054,72.7,-0.0381,-3.9963
101220.5,33.705,33.705,72.7,-0.0385,-3.9963
101280.5,33.7046,33.7046,72.7,-0.0389,-3.9963
101340.5,33.7044,33.7044,72.7,-0.0391,-3.9963
101400.5,33.7043,33.7043,72.7,-0.0392,-3.9963
101460.5,33.7042,33.7042,72.7,-0.0393,-3.9963
101520.5,33.7043,33.7043,72.7,-0.0392,-3.9963
101580.5,33.7044,33.7044,72.7,-0.0391,-3.9963
101640.5,33.7042,33.7042,72.7,-0.0393,-3.9963
101700.5,33.7039,33.7039,72.7,-0.0396,-3.9963
101760.5,33.7038,33.7038,72.7,-0.0397,-3.9963
101820.5,33.7036,33.7036,72.7,-0.0399,-3.9963
101880.5,33.7036,33.7036,72.7,-0.0399,-3.9963
101940.5,33.7036,33.7036,72.7,-0.0399,-3.9963
102000.5,33.7037,33.7037,72.7,-0.0398,-3.9963
102060.5,33.7038,33.7038,72.7,-0.0397,-3.9963
102120.5,33.7039,33.7039,72.7,-0.0396,-3.9963
102180.5,33.704,33.704,72.7,-0.0395,-3.9963
102240.5,33.7039,33.7039,72.7,-0.0396,-3.9963
102300.5,33.7038,33.7038,72.7,-0.0397,-3.9963
102360.5,33.7036,33.7036,72.7,-0.0399,-3.9963
102420.5,33.7034,33.7034,72.7,-0.0401,-3.9963
102480.5,33.7029,33.7029,72.7,-0.0406,-3.9963
102540.5,33.7023,33.7023,72.7,-0.0412,-3.9963
102600.5,33.7019,33.7019,72.7,-0.0416,-3.9963
102660.5,33.7017,33.7017,72.7,-0.0418,-3.9963
102720.5,33.7016,33.7016,72.7,-0.0419,-3.9963
102780.5,33.7016,33.7016,72.7,-0.0419,-3.9963
102840.5,33.7016,33.7016,72.7,-0.0419,-3.9963
102900.5,33.7016,33.7016,72.7,-0.0419,-3.9963
102960.5,33.7017,33.7017,72.7,-0.0418,-3.9963
103020.5,33.7015,33.7015,72.7,-0.042,-3.9963
103080.5,33.7013,33.7013,72.7,-0.0422,-3.9963
103140.5,33.7011,33.7011,72.7,-0.0424,-3.9963
103200.5,33.701,33.701,72.7,-0.0425,-3.9963
103260.5,33.701,33.701,72.7,-0.0425,-3.9963
103320.5,33.7011,33.7011,72.7,-0.0424,-3.9963
103380.5,33.7012,33.7012,72.7,-0.0423,-3.9963
103440.5,33.7013,33.7013,72.7,-0.0422,-3.9963
103500.5,33.7012,33.7012,72.7,-0.0423,-3.9963
103560.5,33.7011,33.7011,72.7,-0.0424,-3.9963
103620.5,33.701,33.701,72.7,-0.0425,-3.9963
103680.5,33.7008,33.7008,72.7,-0.0427,-3.9963
103740.5,33.7005,33.7005,72.7,-0.043,-3.9963
103800.5,33.7003,33.7003,72.7,-0.0432,-3.9963
103860.5,33.7001,33.7001,72.7,-0.0434,-3.9963
103920.5,33.6997,33.6997,72.7,-0.0438,-3.9963
103980.5,33.6994,33.6994,72.7,-0.0441,-3.9963
104040.5,33.6991,33.6991,72.7,-0.0444,-3.9963
104100.5,33.699,33.699,72.7,-0.0445,-3.9963
104160.5,33.6991,33.6991,72.7,-0.0444,-3.9963
104220.5,33.6991,33.6991,72.7,-0.0444,-3.9963
104280.5,33.6992,33.6992,72.7,-0.0443,-3.9963
104340.5,33.6992,33.6992,72.7,-0.0443,-3.9963
104400.5,33.6992,33.6992,72.7,-0.0443,-3.9963
104460.5,33.699,33.699,72.7,-0.0445,-3.9963
104520.5,33.6989,33.6989,72.7,-0.0446,-3.9963
104580.5,33.6988,33.6988,72.7,-0.0447,-3.9963
104640.5,33.6986,33.6986,72.7,-0.0449,-3.9963
104700.5,33.6985,33.6985,72.7,-0.045,-3.9963
104760.5,33.6983,33.6983,72.7,-0.0452,-3.9963
104820.5,33.6982,33.6982,72.7,-0.0453,-3.9963
104880.5,33.698,33.698,72.7,-0.0455,-3.9963
104940.5,33.6978,33.6978,72.7,-0.0457,-3.9963
105000.5,33.6977,33.6977,72.7,-0.0458,-3.9963
105060.5,33.6976,33.6976,72.7,-0.0459,-3.9963
105120.5,33.6974,33.6974,72.7,-0.0461,-3.9963
105180.5,33.6973,33.6973,72.7,-0.0462,-3.9963
105240.5,33.6971,33.6971,72.7,-0.0464,-3.9963
105300.5,33.697,33.697,72.7,-0.0465,-3.9963
105360.5,33.6969,33.6969,72.7,-0.0466,-3.9963
105420.5,33.6968,33.6968,72.7,-0.0467,-3.9963
105480.5,33.6966,33.6966,72.7,-0.0469,-3.9963
105540.5,33.6965,33.6965,72.7,-0.047,-3.9963
105600.5,33.6964,33.6964,72.7,-0.0471,-3.9963
105660.5,33.6962,33.6962,72.7,-0.0473,-3.9963
105720.5,33.6959,33.6959,72.7,-0.0476,-3.9963
105780.5,33.6955,33.6955,72.7,-0.048,-3.9963
105840.5,33.6953,33.6953,72.7,-0.0482,-3.9963
105900.5,33.6952,33.6952,72.7,-0.0483,-3.9963
105960.5,33.6951,33.6951,72.7,-0.0484,-3.9963
106020.5,33.6952,33.6952,72.7,-0.0483,-3.9963
106080.5,33.6953,33.6953,72.7,-0.0482,-3.9963
106140.5,33.6953,33.6953,72.7,-0.0482,-3.9963
106200.5,33.6953,33.6953,72.7,-0.0482,-3.9963
106260.5,33.6953,33.6953,72.7,-0.0482,-3.9963
106320.5,33.6951,33.6951,72.7,-0.0484,-3.9963
106380.5,33.6947,33.6947,72.7,-0.0488,-3.9963
106440.5,33.6943,33.6943,72.7,-0.0492,-3.9963
106500.5,33.6939,33.6939,72.7,-0.0496,-3.9963
106560.5,33.6936,33.6936,72.7,-0.0499,-3.9963
106620.5,33.6935,33.6935,72.7,-0.05,-3.9963
106680.5,33.6934,33.6934,72.7,-0.0501,-3.9963
106740.5,33.6935,33.6935,72.7,-0.05,-3.9963
106800.5,33.6936,33.6936,72.7,-0.0499,-3.9963
106860.5,33.6937,33.6937,72.7,-0.0498,-3.9963
106920.5,33.6935,33.6935,72.7,-0.05,-3.9963
106980.5,33.6934,33.6934,72.7,-0.0501,-3.9963
107040.5,33.6932,33.6932,72.7,-0.0503,-3.9963
107100.5,33.6932,33.6932,72.7,-0.0503,-3.9963
107160.5,33.6932,33.6932,72.7,-0.0503,-3.9963
107220.5,33.6932,33.6932,72.7,-0.0503,-3.9963
107280.5,33.6932,33.6932,72.7,-0.0503,-3.9963
107340.5,33.6932,33.6932,72.7,-0.0503,-3.9963
107400.5,33.6931,33.6931,72.7,-0.0504,-3.9963
107460.5,33.6927,33.6927,72.7,-0.0508,-3.9963
107520.5,33.6923,33.6923,72.7,-0.0512,-3.9963
107580.5,33.6919,33.6919,72.7,-0.0516,-3.9963
107640.5,33.6917,33.6917,72.7,-0.0518,-3.9963
107700.5,33.6916,33.6916,72.7,-0.0519,-3.9963
107760.5,33.6916,33.6916,72.7,-0.0519,-3.9963
107820.5,33.6917,33.6917,72.7,-0.0518,-3.9963
107880.5,33.6916,33.6916,72.7,-0.0519,-3.9963
107940.5,33.6915,33.6915,72.7,-0.052,-3.9963
108000.5,33.6915,33.6915,72.7,-0.052,-3.9963
108060.5,33.6916,33.6916,72.7,-0.0519,-3.9963
108120.5,33.6914,33.6914,72.7,-0.0521,-3.9963
108180.5,33.691,33.691,72.7,-0.0525,-3.9963
108240.5,33.6907,33.6907,72.7,-0.0528,-3.9963
108300.5,33.6904,33.6904,72.7,-0.0531,-3.9963
108360.5,33.6903,33.6903,72.7,-0.0532,-3.9963
108420.5,33.6903,33.6903,72.7,-0.0532,-3.9963
108480.5,33.6903,33.6903,72.7,-0.0532,-3.9963
108540.5,33.6904,33.6904,72.7,-0.0531,-3.9963
108600.5,33.6905,33.6905,72.7,-0.053,-3.9963
108660.5,33.6905,33.6905,72.7,-0.053,-3.9963
108720.5,33.6904,33.6904,72.7,-0.0531,-3.9963
108780.5,33.6903,33.6903,72.7,-0.0532,-3.9963
108840.5,33.6901,33.6901,72.7,-0.0534,-3.9963
108900.5,33.69,33.69,72.7,-0.0535,-3.9963
108960.5,33.6898,33.6898,72.7,-0.0537,-3.9963
109020.5,33.6896,33.6896,72.7,-0.0539,-3.9963
109080.5,33.6894,33.6894,72.7,-0.0541,-3.9963
109140.5,33.6892,33.6892,72.7,-0.0543,-3.9963
109200.5,33.6891,33.6891,72.7,-0.0544,-3.9963
109260.5,33.6889,33.6889,72.7,-0.0546,-3.9963
109320.5,33.6888,33.6888,72.7,-0.0547,-3.9963
109380.5,33.6886,33.6886,72.7,-0.0549,-3.9963
109440.5,33.6885,33.6885,72.7,-0.055,-3.9963
109500.5,33.6883,33.6883,72.7,-0.0552,-3.9963
109560.5,33.6882,33.6882,72.7,-0.0553,-3.9963
109620.5,33.6881,33.6881,72.7,-0.0554,-3.9963
109680.5,33.6879,33.6879,72.7,-0.0556,-3.9963
109740.5,33.6878,33.6878,72.7,-0.0557,-3.9963
109800.5,33.6877,33.6877,74.7,-0.0558,-1.9963
109860.5,33.6915,33.6915,74.7,-0.052,-1.9963
109920.5,33.6961,33.6961,74.7,-0.0474,-1.9963
109980.5,33.7001,33.7001,74.7,-0.0434,-1.9963
110040.5,33.7031,33.7031,74.7,-0.0404,-1.9963
110100.5,33.7053,33.7053,74.7,-0.0382,-1.9963
110160.5,33.7068,33.7068,74.7,-0.0367,-1.9963
110220.5,33.7077,33.7077,74.7,-0.0358,-1.9963
110280.5,33.7079,33.7079,74.7,-0.0356,-1.9963
110340.5,33.7081,33.7081,74.7,-0.0354,-1.9963
110400.5,33.7082,33.7082,74.7,-0.0353,-1.9963
110460.5,33.7083,33.7083,74.7,-0.0352,-1.9963
110520.5,33.7085,33.7085,74.7,-0.035,-1.9963
110580.5,33.7088,33.7088,74.7,-0.0347,-1.9963
110640.5,33.709,33.709,74.7,-0.0345,-1.9963
110700.5,33.7093,33.7093,74.7,-0.0342,-1.9963
110760.5,33.7095,33.7095,74.7,-0.034,-1.9963
110820.5,33.7095,33.7095,74.7,-0.034,-1.9963
110880.5,33.7095,33.7095,74.7,-0.034,-1.9963
110940.5,33.7095,33.7095,74.7,-0.034,-1.9963
111000.5,33.7093,33.7093,74.7,-0.0342,-1.9963
111060.5,33.7092,33.7092,74.7,-0.0343,-1.9963
111120.5,33.7091,33.7091,74.7,-0.0344,-1.9963
111180.5,33.709,33.709,74.7,-0.0345,-1.9963
111240.5,33.7089,33.7089,74.7,-0.0346,-1.9963
111300.5,33.7087,33.7087,74.7,-0.0348,-1.9963
111360.5,33.7085,33.7085,74.7,-0.035,-1.9963
111420.5,33.7083,33.7083,74.7,-0.0352,-1.9963
111480.5,33.7082,33.7082,74.7,-0.0353,-1.9963
111540.5,33.7082,33.7082,74.7,-0.0353,-1.9963
111600.5,33.7082,33.7082,74.7,-0.0353,-1.9963
111660.5,33.7082,33.7082,74.7,-0.0353,-1.9963
111720.5,33.7082,33.7082,74.7,-0.0353,-1.9963
111780.5,33.7082,33.7082,74.7,-0.0353,-1.9963
111840.5,33.7081,33.7081,74.7,-0.0354,-1.9963
111900.5,33.7081,33.7081,74.7,-0.0354,-1.9963
111960.5,33.708,33.708,74.7,-0.0355,-1.9963
112020.5,33.7079,33.7079,74.7,-0.0356,-1.9963
112080.5,33.7079,33.7079,74.7,-0.0356,-1.9963
112140.5,33.7078,33.7078,74.7,-0.0357,-1.9963
112200.5,33.7077,33.7077,74.7,-0.0358,-1.9963
112260.5,33.7076,33.7076,74.7,-0.0359,-1.9963
112320.5,33.7075,33.7075,74.7,-0.036,-1.9963
112380.5,33.7075,33.7075,74.7,-0.036,-1.9963
112440.5,33.7074,33.7074,74.7,-0.0361,-1.9963
112500.5,33.7073,33.7073,74.7,-0.0362,-1.9963
112560.5,33.7073,33.7073,74.7,-0.0362,-1.9963
112620.5,33.7072,33.7072,74.7,-0.0363,-1.9963
112680.5,33.7071,33.7071,74.7,-0.0364,-1.9963
112740.5,33.7071,33.7071,74.7,-0.0364,-1.9963
112800.5,33.707,33.707,74.7,-0.0365,-1.9963
112860.5,33.7069,33.7069,74.7,-0.0366,-1.9963
112920.5,33.7069,33.7069,74.7,-0.0366,-1.9963
112980.5,33.7068,33.7068,74.7,-0.0367,-1.9963
113040.5,33.7065,33.7065,74.7,-0.037,-1.9963
113100.5,33.7064,33.7064,74.7,-0.0371,-1.9963
113160.5,33.7063,33.7063,74.7,-0.0372,-1.9963
113220.5,33.7064,33.7064,74.7,-0.0371,-1.9963
113280.5,33.7064,33.7064,74.7,-0.0371,-1.9963
113340.5,33.7064,33.7064,74.7,-0.0371,-1.9963
113400.5,33.7064,33.7064,74.7,-0.0371,-1.9963
113460.5,33.7064,33.7064,74.7,-0.0371,-1.9963
113520.5,33.7061,33.7061,74.7,-0.0374,-1.9963
113580.5,33.7059,33.7059,74.7,-0.0376,-1.9963
113640.5,33.7058,33.7058,74.7,-0.0377,-1.9963
113700.5,33.7057,33.7057,74.7,-0.0378,-1.9963
113760.5,33.7058,33.7058,74.7,-0.0377,-1.9963
113820.5,33.7059,33.7059,74.7,-0.0376,-1.9963
113880.5,33.706,33.706,74.7,-0.0375,-1.9963
113940.5,33.7061,33.7061,74.7,-0.0374,-1.9963
114000.5,33.7061,33.7061,74.7,-0.0374,-1.9963
114060.5,33.706,33.706,74.7,-0.0375,-1.9963
114120.5,33.706,33.706,74.7,-0.0375,-1.9963
114180.5,33.7059,33.7059,74.7,-0.0376,-1.9963
114240.5,33.7057,33.7057,74.7,-0.0378,-1.9963
114300.5,33.7052,33.7052,74.7,-0.0383,-1.9963
114360.5,33.7047,33.7047,74.7,-0.0388,-1.9963
114420.5,33.7044,33.7044,74.7,-0.0391,-1.9963
114480.5,33.7043,33.7043,74.7,-0.0392,-1.9963
114540.5,33.7042,33.7042,74.7,-0.0393,-1.9963
114600.5,33.7043,33.7043,74.7,-0.0392,-1.9963
114660.5,33.7045,33.7045,74.7,-0.039,-1.9963
114720.5,33.7046,33.7046,74.7,-0.0389,-1.9963
114780.5,33.7049,33.7049,74.7,-0.0386,-1.9963
114840.5,33.7051,33.7051,74.7,-0.0384,-1.9963
114900.5,33.7053,33.7053,74.7,-0.0382,-1.9963
114960.5,33.7053,33.7053,74.7,-0.0382,-1.9963
115020.5,33.7051,33.7051,74.7,-0.0384,-1.9963
115080.5,33.7049,33.7049,74.7,-0.0386,-1.9963
115140.5,33.7047,33.7047,74.7,-0.0388,-1.9963
115200.5,33.7047,33.7047,74.7,-0.0388,-1.9963
115260.5,33.7047,33.7047,74.7,-0.0388,-1.9963
115320.5,33.7048,33.7048,74.7,-0.0387,-1.9963
115380.5,33.7048,33.7048,74.7,-0.0387,-1.9963
115440.5,33.7047,33.7047,74.7,-0.0388,-1.9963
115500.5,33.7046,33.7046,74.7,-0.0389,-1.9963
115560.5,33.7046,33.7046,74.7,-0.0389,-1.9963
115620.5,33.7046,33.7046,74.7,-0.0389,-1.9963
115680.5,33.7045,33.7045,74.7,-0.039,-1.9963
115740.5,33.7044,33.7044,74.7,-0.0391,-1.9963
115800.5,33.7043,33.7043,74.7,-0.0392,-1.9963
115860.5,33.7042,33.7042,74.7,-0.0393,-1.9963
115920.5,33.7041,33.7041,74.7,-0.0394,-1.9963
115980.5,33.704,33.704,74.7,-0.0395,-1.9963
116040.5,33.7039,33.7039,74.7,-0.0396,-1.9963
116100.5,33.7038,33.7038,74.7,-0.0397,-1.9963
116160.5,33.7037,33.7037,74.7,-0.0398,-1.9963
116220.5,33.7036,33.7036,74.7,-0.0399,-1.9963
116280.5,33.7036,33.7036,74.7,-0.0399,-1.9963
116340.5,33.7035,33.7035,74.7,-0.04,-1.9963
116400.5,33.7034,33.7034,74.7,-0.0401,-1.9963
116460.5,33.7034,33.7034,74.7,-0.0401,-1.9963
116520.5,33.7033,33.7033,74.7,-0.0402,-1.9963
116580.5,33.7032,33.7032,74.7,-0.0403,-1.9963
116640.5,33.7026,33.7026,74.7,-0.0409,-1.9963
116700.5,33.7018,33.7018,74.7,-0.0417,-1.9963
116760.5,33.7013,33.7013,74.7,-0.0422,-1.9963
116820.5,33.7009,33.7009,74.7,-0.0426,-1.9963
116880.5,33.7007,33.7007,74.7,-0.0428,-1.9963
116940.5,33.7008,33.7008,74.7,-0.0427,-1.9963
117000.5,33.7009,33.7009,74.7,-0.0426,-1.9963
117060.5,33.7011,33.7011,74.7,-0.0424,-1.9963
117120.5,33.7014,33.7014,74.7,-0.0421,-1.9963
117180.5,33.7018,33.7018,74.7,-0.0417,-1.9963
117240.5,33.7021,33.7021,74.7,-0.0414,-1.9963
117300.5,33.7025,33.7025,74.7,-0.041,-1.9963
117360.5,33.7029,33.7029,74.7,-0.0406,-1.9963
117420.5,33.7032,33.7032,74.7,-0.0403,-1.9963
117480.5,33.7034,33.7034,74.7,-0.0401,-1.9963
117540.5,33.7035,33.7035,74.7,-0.04,-1.9963
117600.5,33.7035,33.7035,74.7,-0.04,-1.9963
117660.5,33.7033,33.7033,74.7,-0.0402,-1.9963
117720.5,33.7031,33.7031,74.7,-0.0404,-1.9963
117780.5,33.7029,33.7029,74.7,-0.0406,-1.9963
117840.5,33.7027,33.7027,74.7,-0.0408,-1.9963
117900.5,33.7026,33.7026,74.7,-0.0409,-1.9963
117960.5,33.7024,33.7024,74.7,-0.0411,-1.9963
118020.5,33.7022,33.7022,74.7,-0.0413,-1.9963
118080.5,33.7018,33.7018,74.7,-0.0417,-1.9963
118140.5,33.7013,33.7013,74.7,-0.0422,-1.9963
118200.5,33.7009,33.7009,74.7,-0.0426,-1.9963
118260.5,33.7006,33.7006,74.7,-0.0429,-1.9963
118320.5,33.7005,33.7005,74.7,-0.043,-1.9963
118380.5,33.7005,33.7005,74.7,-0.043,-1.9963
118440.5,33.7006,33.7006,74.7,-0.0429,-1.9963
118500.5,33.7008,33.7008,74.7,-0.0427,-1.9963
118560.5,33.701,33.701,74.7,-0.0425,-1.9963
118620.5,33.7012,33.7012,74.7,-0.0423,-1.9963
118680.5,33.7014,33.7014,74.7,-0.0421,-1.9963
118740.5,33.7015,33.7015,74.7,-0.042,-1.9963
118800.5,33.7016,33.7016,74.7,-0.0419,-1.9963
118860.5,33.7015,33.7015,74.7,-0.042,-1.9963
118920.5,33.7014,33.7014,74.7,-0.0421,-1.9963
118980.5,33.7013,33.7013,74.7,-0.0422,-1.9963
119040.5,33.7012,33.7012,74.7,-0.0423,-1.9963
119100.5,33.701,33.701,74.7,-0.0425,-1.9963
119160.5,33.7009,33.7009,74.7,-0.0426,-1.9963
119220.5,33.7008,33.7008,74.7,-0.0427,-1.9963
119280.5,33.7004,33.7004,74.7,-0.0431,-1.9963
119340.5,33.6998,33.6998,74.7,-0.0437,-1.9963
119400.5,33.6995,33.6995,74.7,-0.044,-1.9963
119460.5,33.6993,33.6993,74.7,-0.0442,-1.9963
119520.5,33.6993,33.6993,74.7,-0.0442,-1.9963
119580.5,33.6994,33.6994,74.7,-0.0441,-1.9963
119640.5,33.6996,33.6996,74.7,-0.0439,-1.9963
119700.5,33.6998,33.6998,74.7,-0.0437,-1.9963
119760.5,33.7001,33.7001,74.7,-0.0434,-1.9963
119820.5,33.7003,33.7003,74.7,-0.0432,-1.9963
119880.5,33.7004,33.7004,74.7,-0.0431,-1.9963
119940.5,33.7004,33.7004,74.7,-0.0431,-1.9963
120000.5,33.7004,33.7004,74.7,-0.0431,-1.9963
120060.5,33.7003,33.7003,74.7,-0.0432,-1.9963
120120.5,33.7002,33.7002,74.7,-0.0433,-1.9963
120180.5,33.7001,33.7001,74.7,-0.0434,-1.9963
120240.5,33.6999,33.6999,74.7,-0.0436,-1.9963
120300.5,33.6997,33.6997,74.7,-0.0438,-1.9963
120360.5,33.6992,33.6992,74.7,-0.0443,-1.9963
120420.5,33.699,33.699,74.7,-0.0445,-1.9963
120480.5,33.6988,33.6988,74.7,-0.0447,-1.9963
120540.5,33.6987,33.6987,74.7,-0.0448,-1.9963
120600.5,33.6987,33.6987,80.7,-0.0448,4.0037
120660.5,33.7097,33.7097,80.7,-0.0338,4.0037
120720.5,33.7226,33.7226,80.7,-0.0209,4.0037
120780.5,33.7339,33.7339,80.7,-0.0096,4.0037
120840.5,33.7428,33.7428,80.7,-0.0007,4.0037
120900.5,33.7495,33.7495,80.7,0.006,4.0037
120960.5,33.7542,33.7542,80.7,0.0107,4.0037
121020.5,33.7574,33.7574,80.7,0.0139,4.0037
121080.5,33.7595,33.7595,80.7,0.016,4.0037
121140.5,33.7609,33.7609,80.7,0.0174,4.0037
121200.5,33.7615,33.7615,80.7,0.018,4.0037
121260.5,33.7618,33.7618,80.7,0.0183,4.0037
121320.5,33.762,33.762,80.7,0.0185,4.0037
121380.5,33.7622,33.7622,80.7,0.0187,4.0037
121440.5,33.7625,33.7625,80.7,0.019,4.0037
121500.5,33.7628,33.7628,80.7,0.0193,4.0037
121560.5,33.7631,33.7631,80.7,0.0196,4.0037
121620.5,33.7634,33.7634,80.7,0.0199,4.0037
121680.5,33.7636,33.7636,80.7,0.0201,4.0037
121740.5,33.7637,33.7637,80.7,0.0202,4.0037
121800.5,33.7638,33.7638,80.7,0.0203,4.0037
121860.5,33.7639,33.7639,80.7,0.0204,4.0037
121920.5,33.7639,33.7639,80.7,0.0204,4.0037
121980.5,33.7638,33.7638,80.7,0.0203,4.0037
122040.5,33.7635,33.7635,80.7,0.02,4.0037
122100.5,33.7633,33.7633,80.7,0.0198,4.0037
122160.5,33.7632,33.7632,80.7,0.0197,4.0037
122220.5,33.7632,33.7632,80.7,0.0197,4.0037
122280.5,33.7634,33.7634,80.7,0.0199,4.0037
122340.5,33.7636,33.7636,80.7,0.0201,4.0037
122400.5,33.7639,33.7639,80.7,0.0204,4.0037
122460.5,33.7642,33.7642,80.7,0.0207,4.0037
122520.5,33.7646,33.7646,80.7,0.0211,4.0037
122580.5,33.765,33.765,80.7,0.0215,4.0037
122640.5,33.7652,33.7652,80.7,0.0217,4.0037
122700.5,33.7654,33.7654,80.7,0.0219,4.0037
122760.5,33.7656,33.7656,80.7,0.0221,4.0037
122820.5,33.7657,33.7657,80.7,0.0222,4.0037
122880.5,33.7658,33.7658,80.7,0.0223,4.0037
122940.5,33.7658,33.7658,80.7,0.0223,4.0037
123000.5,33.7659,33.7659,80.7,0.0224,4.0037
123060.5,33.7659,33.7659,80.7,0.0224,4.0037
123120.5,33.766,33.766,80.7,0.0225,4.0037
123180.5,33.7661,33.7661,80.7,0.0226,4.0037
123240.5,33.7661,33.7661,80.7,0.0226,4.0037
123300.5,33.7662,33.7662,80.7,0.0227,4.0037
123360.5,33.7663,33.7663,80.7,0.0228,4.0037
123420.5,33.7664,33.7664,80.7,0.0229,4.0037
123480.5,33.7665,33.7665,80.7,0.023,4.0037
123540.5,33.7666,33.7666,80.7,0.0231,4.0037
123600.5,33.7667,33.7667,80.7,0.0232,4.0037
123660.5,33.7668,33.7668,80.7,0.0233,4.0037
123720.5,33.7668,33.7668,80.7,0.0233,4.0037
123780.5,33.7667,33.7667,80.7,0.0232,4.0037
123840.5,33.7667,33.7667,80.7,0.0232,4.0037
123900.5,33.7668,33.7668,80.7,0.0233,4.0037
123960.5,33.767,33.767,80.7,0.0235,4.0037
124020.5,33.7673,33.7673,80.7,0.0238,4.0037
124080.5,33.7674,33.7674,80.7,0.0239,4.0037
124140.5,33.7675,33.7675,80.7,0.024,4.0037
124200.5,33.7677,33.7677,80.7,0.0242,4.0037
124260.5,33.7679,33.7679,80.7,0.0244,4.0037
124320.5,33.7681,33.7681,80.7,0.0246,4.0037
124380.5,33.7683,33.7683,80.7,0.0248,4.0037
124440.5,33.7685,33.7685,80.7,0.025,4.0037
124500.5,33.7686,33.7686,80.7,0.0251,4.0037
124560.5,33.7687,33.7687,80.7,0.0252,4.0037
124620.5,33.7687,33.7687,80.7,0.0252,4.0037
124680.5,33.7683,33.7683,80.7,0.0248,4.0037
124740.5,33.7681,33.7681,80.7,0.0246,4.0037
124800.5,33.7679,33.7679,80.7,0.0244,4.0037
124860.5,33.768,33.768,80.7,0.0245,4.0037
124920.5,33.7681,33.7681,80.7,0.0246,4.0037
124980.5,33.7684,33.7684,80.7,0.0249,4.0037
125040.5,33.7688,33.7688,80.7,0.0253,4.0037
125100.5,33.7692,33.7692,80.7,0.0257,4.0037
125160.5,33.7696,33.7696,80.7,0.0261,4.0037
125220.5,33.77,33.77,80.7,0.0265,4.0037
125280.5,33.7703,33.7703,80.7,0.0268,4.0037
125340.5,33.7706,33.7706,80.7,0.0271,4.0037
125400.5,33.7707,33.7707,80.7,0.0272,4.0037
125460.5,33.7708,33.7708,80.7,0.0273,4.0037
125520.5,33.7709,33.7709,80.7,0.0274,4.0037
125580.5,33.7709,33.7709,80.7,0.0274,4.0037
125640.5,33.7709,33.7709,80.7,0.0274,4.0037
125700.5,33.771,33.771,80.7,0.0275,4.0037
125760.5,33.771,33.771,80.7,0.0275,4.0037
125820.5,33.7711,33.7711,80.7,0.0276,4.0037
125880.5,33.7712,33.7712,80.7,0.0277,4.0037
125940.5,33.7713,33.7713,80.7,0.0278,4.0037
126000.5,33.7714,33.7714,80.7,0.0279,4.0037
126060.5,33.7714,33.7714,80.7,0.0279,4.0037
126120.5,33.7715,33.7715,80.7,0.028,4.0037
126180.5,33.7716,33.7716,80.7,0.0281,4.0037
126240.5,33.7717,33.7717,80.7,0.0282,4.0037
126300.5,33.7716,33.7716,80.7,0.0281,4.0037
126360.5,33.7714,33.7714,80.7,0.0279,4.0037
126420.5,33.7712,33.7712,80.7,0.0277,4.0037
126480.5,33.7712,33.7712,80.7,0.0277,4.0037
126540.5,33.7713,33.7713,80.7,0.0278,4.0037
126600.5,33.7715,33.7715,80.7,0.028,4.0037
126660.5,33.7718,33.7718,80.7,0.0283,4.0037
126720.5,33.7722,33.7722,80.7,0.0287,4.0037
126780.5,33.7726,33.7726,80.7,0.0291,4.0037
126840.5,33.773,33.773,80.7,0.0295,4.0037
126900.5,33.7733,33.7733,80.7,0.0298,4.0037
126960.5,33.7735,33.7735,80.7,0.03,4.0037
127020.5,33.7737,33.7737,80.7,0.0302,4.0037
127080.5,33.7738,33.7738,80.7,0.0303,4.0037
127140.5,33.7738,33.7738,80.7,0.0303,4.0037
127200.5,33.7739,33.7739,80.7,0.0304,4.0037
127260.5,33.774,33.774,80.7,0.0305,4.0037
127320.5,33.774,33.774,80.7,0.0305,4.0037
127380.5,33.7741,33.7741,80.7,0.0306,4.0037
127440.5,33.7742,33.7742,80.7,0.0307,4.0037
127500.5,33.7743,33.7743,80.7,0.0308,4.0037
127560.5,33.7743,33.7743,80.7,0.0308,4.0037
127620.5,33.7744,33.7744,80.7,0.0309,4.0037
127680.5,33.7745,33.7745,80.7,0.031,4.0037
127740.5,33.7746,33.7746,80.7,0.0311,4.0037
127800.5,33.7747,33.7747,80.7,0.0312,4.0037
127860.5,33.7745,33.7745,80.7,0.031,4.0037
127920.5,33.7743,33.7743,80.7,0.0308,4.0037
127980.5,33.7742,33.7742,80.7,0.0307,4.0037
128040.5,33.7742,33.7742,80.7,0.0307,4.0037
128100.5,33.7744,33.7744,80.7,0.0309,4.0037
128160.5,33.7747,33.7747,80.7,0.0312,4.0037
128220.5,33.775,33.775,80.7,0.0315,4.0037
128280.5,33.7754,33.7754,80.7,0.0319,4.0037
128340.5,33.7758,33.7758,80.7,0.0323,4.0037
128400.5,33.7761,33.7761,80.7,0.0326,4.0037
128460.5,33.7763,33.7763,80.7,0.0328,4.0037
128520.5,33.7765,33.7765,80.7,0.033,4.0037
128580.5,33.7766,33.7766,80.7,0.0331,4.0037
128640.5,33.7766,33.7766,80.7,0.0331,4.0037
128700.5,33.7759,33.7759,80.7,0.0324,4.0037
128760.5,33.7754,33.7754,80.7,0.0319,4.0037
128820.5,33.7751,33.7751,80.7,0.0316,4.0037
128880.5,33.775,33.775,80.7,0.0315,4.0037
128940.5,33.7751,33.7751,80.7,0.0316,4.0037
129000.5,33.7754,33.7754,80.7,0.0319,4.0037
129060.5,33.7757,33.7757,80.7,0.0322,4.0037
129120.5,33.7762,33.7762,80.7,0.0327,4.0037
129180.5,33.7766,33.7766,80.7,0.0331,4.0037
129240.5,33.7771,33.7771,80.7,0.0336,4.0037
129300.5,33.7776,33.7776,80.7,0.0341,4.0037
129360.5,33.7781,33.7781,80.7,0.0346,4.0037
129420.5,33.7785,33.7785,80.7,0.035,4.0037
129480.5,33.7785,33.7785,80.7,0.035,4.0037
129540.5,33.7784,33.7784,80.7,0.0349,4.0037
129600.5,33.7782,33.7782,80.7,0.0347,4.0037
129660.5,33.7782,33.7782,80.7,0.0347,4.0037
129720.5,33.7782,33.7782,80.7,0.0347,4.0037
129780.5,33.7784,33.7784,80.7,0.0349,4.0037
129840.5,33.7787,33.7787,80.7,0.0352,4.0037
129900.5,33.7791,33.7791,80.7,0.0356,4.0037
129960.5,33.7794,33.7794,80.7,0.0359,4.0037
130020.5,33.7797,33.7797,80.7,0.0362,4.0037
130080.5,33.7799,33.7799,80.7,0.0364,4.0037
130140.5,33.78,33.78,80.7,0.0365,4.0037
130200.5,33.7801,33.7801,80.7,0.0366,4.0037
130260.5,33.7801,33.7801,80.7,0.0366,4.0037
130320.5,33.7801,33.7801,80.7,0.0366,4.0037
130380.5,33.7801,33.7801,80.7,0.0366,4.0037
130440.5,33.7797,33.7797,80.7,0.0362,4.0037
130500.5,33.7793,33.7793,80.7,0.0358,4.0037
130560.5,33.7791,33.7791,80.7,0.0356,4.0037
130620.5,33.7791,33.7791,80.7,0.0356,4.0037
130680.5,33.7792,33.7792,80.7,0.0357,4.0037
130740.5,33.7794,33.7794,80.7,0.0359,4.0037
130800.5,33.7797,33.7797,80.7,0.0362,4.0037
130860.5,33.78,33.78,80.7,0.0365,4.0037
130920.5,33.7804,33.7804,80.7,0.0369,4.0037
130980.5,33.7808,33.7808,80.7,0.0373,4.0037
131040.5,33.7812,33.7812,80.7,0.0377,4.0037
131100.5,33.7814,33.7814,80.7,0.0379,4.0037
131160.5,33.7814,33.7814,80.7,0.0379,4.0037
131220.5,33.7815,33.7815,80.7,0.038,4.0037
131280.5,33.7817,33.7817,80.7,0.0382,4.0037
131340.5,33.7818,33.7818,80.7,0.0383,4.0037
131400.5,33.782,33.782,76.7,0.0385,0.0037
131460.5,33.7748,33.7748,76.7,0.0313,0.0037
131520.5,33.7663,33.7663,76.7,0.0228,0.0037
131580.5,33.759,33.759,76.7,0.0155,0.0037
131640.5,33.7534,33.7534,76.7,0.0099,0.0037
131700.5,33.7492,33.7492,76.7,0.0057,0.0037
131760.5,33.7463,33.7463,76.7,0.0028,0.0037
131820.5,33.7444,33.7444,76.7,0.0009,0.0037
131880.5,33.7432,33.7432,76.7,-0.0003,0.0037
131940.5,33.7424,33.7424,76.7,-0.0011,0.0037
132000.5,33.742,33.742,76.7,-0.0015,0.0037
132060.5,33.7417,33.7417,76.7,-0.0018,0.0037
132120.5,33.7415,33.7415,76.7,-0.002,0.0037
132180.5,33.7414,33.7414,76.7,-0.0021,0.0037
132240.5,33.7413,33.7413,76.7,-0.0022,0.0037
132300.5,33.7413,33.7413,76.7,-0.0022,0.0037
132360.5,33.7412,33.7412,76.7,-0.0023,0.0037
132420.5,33.7412,33.7412,76.7,-0.0023,0.0037
132480.5,33.7412,33.7412,76.7,-0.0023,0.0037
132540.5,33.7412,33.7412,76.7,-0.0023,0.0037
132600.5,33.7412,33.7412,76.7,-0.0023,0.0037
132660.5,33.7412,33.7412,76.7,-0.0023,0.0037
132720.5,33.7412,33.7412,76.7,-0.0023,0.0037
132780.5,33.7412,33.7412,76.7,-0.0023,0.0037
132840.5,33.7412,33.7412,76.7,-0.0023,0.0037
132900.5,33.7412,33.7412,76.7,-0.0023,0.0037
132960.5,33.7412,33.7412,76.7,-0.0023,0.0037
133020.5,33.7412,33.7412,76.7,-0.0023,0.0037
133080.5,33.7412,33.7412,76.7,-0.0023,0.0037
133140.5,33.7412,33.7412,76.7,-0.0023,0.0037
133200.5,33.7412,33.7412,76.7,-0.0023,0.0037
133260.5,33.7412,33.7412,76.7,-0.0023,0.0037
133320.5,33.7412,33.7412,76.7,-0.0023,0.0037
133380.5,33.7412,33.7412,76.7,-0.0023,0.0037
133440.5,33.7412,33.7412,76.7,-0.0023,0.0037
133500.5,33.7412,33.7412,76.7,-0.0023,0.0037
133560.5,33.7412,33.7412,76.7,-0.0023,0.0037
133620.5,33.7412,33.7412,76.7,-0.0023,0.0037
133680.5,33.7412,33.7412,76.7,-0.0023,0.0037
133740.5,33.7412,33.7412,76.7,-0.0023,0.0037
133800.5,33.7412,33.7412,76.7,-0.0023,0.0037
133860.5,33.7412,33.7412,76.7,-0.0023,0.0037
133920.5,33.7412,33.7412,76.7,-0.0023,0.0037
133980.5,33.7412,33.7412,76.7,-0.0023,0.0037
134040.5,33.741,33.741,76.7,-0.0025,0.0037
134100.5,33.7407,33.7407,76.7,-0.0028,0.0037
134160.5,33.7405,33.7405,76.7,-0.003,0.0037
134220.5,33.7404,33.7404,76.7,-0.0031,0.0037
134280.5,33.7404,33.7404,76.7,-0.0031,0.0037
134340.5,33.7405,33.7405,76.7,-0.003,0.0037
134400.5,33.7407,33.7407,76.7,-0.0028,0.0037
134460.5,33.7409,33.7409,76.7,-0.0026,0.0037
134520.5,33.7412,33.7412,76.7,-0.0023,0.0037
134580.5,33.7415,33.7415,76.7,-0.002,0.0037
134640.5,33.7417,33.7417,76.7,-0.0018,0.0037
134700.5,33.7418,33.7418,76.7,-0.0017,0.0037
134760.5,33.7419,33.7419,76.7,-0.0016,0.0037
134820.5,33.7418,33.7418,76.7,-0.0017,0.0037
134880.5,33.7418,33.7418,76.7,-0.0017,0.0037
134940.5,33.7418,33.7418,76.7,-0.0017,0.0037
135000.5,33.7417,33.7417,76.7,-0.0018,0.0037
135060.5,33.7416,33.7416,76.7,-0.0019,0.0037
135120.5,33.7416,33.7416,76.7,-0.0019,0.0037
135180.5,33.7415,33.7415,76.7,-0.002,0.0037
135240.5,33.7415,33.7415,76.7,-0.002,0.0037
135300.5,33.7414,33.7414,76.7,-0.0021,0.0037
135360.5,33.7414,33.7414,76.7,-0.0021,0.0037
135420.5,33.7414,33.7414,76.7,-0.0021,0.0037
135480.5,33.7414,33.7414,76.7,-0.0021,0.0037
135540.5,33.7413,33.7413,76.7,-0.0022,0.0037
135600.5,33.7413,33.7413,76.7,-0.0022,0.0037
135660.5,33.7413,33.7413,76.7,-0.0022,0.0037
135720.5,33.7413,33.7413,76.7,-0.0022,0.0037
135780.5,33.7413,33.7413,76.7,-0.0022,0.0037
135840.5,33.7413,33.7413,76.7,-0.0022,0.0037
135900.5,33.7413,33.7413,76.7,-0.0022,0.0037
135960.5,33.7413,33.7413,76.7,-0.0022,0.0037
136020.5,33.7413,33.7413,76.7,-0.0022,0.0037
136080.5,33.7413,33.7413,76.7,-0.0022,0.0037
136140.5,33.7413,33.7413,76.7,-0.0022,0.0037
136200.5,33.7413,33.7413,76.7,-0.0022,0.0037
136260.5,33.7413,33.7413,76.7,-0.0022,0.0037
136320.5,33.7413,33.7413,76.7,-0.0022,0.0037
136380.5,33.7413,33.7413,76.7,-0.0022,0.0037
136440.5,33.7409,33.7409,76.7,-0.0026,0.0037
136500.5,33.7405,33.7405,76.7,-0.003,0.0037
136560.5,33.7403,33.7403,76.7,-0.0032,0.0037
136620.5,33.7401,33.7401,76.7,-0.0034,0.0037
136680.5,33.7402,33.7402,76.7,-0.0033,0.0037
136740.5,33.7403,33.7403,76.7,-0.0032,0.0037
136800.5,33.7405,33.7405,76.7,-0.003,0.0037
136860.5,33.7407,33.7407,76.7,-0.0028,0.0037
136920.5,33.7411,33.7411,76.7,-0.0024,0.0037
136980.5,33.7414,33.7414,76.7,-0.0021,0.0037
137040.5,33.7417,33.7417,76.7,-0.0018,0.0037
137100.5,33.7418,33.7418,76.7,-0.0017,0.0037
137160.5,33.7419,33.7419,76.7,-0.0016,0.0037
137220.5,33.7419,33.7419,76.7,-0.0016,0.0037
137280.5,33.7419,33.7419,76.7,-0.0016,0.0037
137340.5,33.7419,33.7419,76.7,-0.0016,0.0037
137400.5,33.7416,33.7416,76.7,-0.0019,0.0037
137460.5,33.7412,33.7412,76.7,-0.0023,0.0037
137520.5,33.7409,33.7409,76.7,-0.0026,0.0037
137580.5,33.7407,33.7407,76.7,-0.0028,0.0037
137640.5,33.7406,33.7406,76.7,-0.0029,0.0037
137700.5,33.7407,33.7407,76.7,-0.0028,0.0037
137760.5,33.7409,33.7409,76.7,-0.0026,0.0037
137820.5,33.7411,33.7411,76.7,-0.0024,0.0037
137880.5,33.7414,33.7414,76.7,-0.0021,0.0037
137940.5,33.7416,33.7416,76.7,-0.0019,0.0037
138000.5,33.7417,33.7417,76.7,-0.0018,0.0037
138060.5,33.7418,33.7418,76.7,-0.0017,0.0037
138120.5,33.7417,33.7417,76.7,-0.0018,0.0037
138180.5,33.7412,33.7412,76.7,-0.0023,0.0037
138240.5,33.7408,33.7408,76.7,-0.0027,0.0037
138300.5,33.7405,33.7405,76.7,-0.003,0.0037
138360.5,33.7403,33.7403,76.7,-0.0032,0.0037
138420.5,33.7404,33.7404,76.7,-0.0031,0.0037
138480.5,33.7405,33.7405,76.7,-0.003,0.0037
138540.5,33.7407,33.7407,76.7,-0.0028,0.0037